LUC,1494465881,12,LUCHON-RICHELIEU,35694,BUS,1040,,,1494518400,,
LUC,1494465881,13,MONTRÃ‰JEAU-GOURDAN POLIGNAN,35705,BUS,1040,,,1494524040,,
LUC,1494465881,14,MONTRÃ‰JEAU-GOURDAN POLIGNAN,35663,BUS,1040,,,1494532560,,
LRK,1494465889,1,LA ROCHELLE,859800,TER,40,,,1494480720,,
LRK,1494465889,2,NANTES,3831,INTERCITES,73,,,1494488700,,
LRK,1494465889,3,BORDEAUX SAINT-JEAN,3842,INTERCITES,73,,,1494502020,,
LRK,1494465889,4,NANTES,3835,INTERCITES,73,,,1494503100,,
LRK,1494465889,5,BORDEAUX SAINT-JEAN,3854,INTERCITES,73,,,1494519060,,
LRK,1494465889,6,NANTES,3837,INTERCITES,73,,,1494520320,,
LUD,1494465864,1,NANCY,836201,TER,40,,1,1494475560,,
LUD,1494465864,2,PONT SAINT-VINCENT,836202,TER,40,,2,1494478440,,
LUD,1494465864,3,NANCY,836203,TER,40,,1,1494479160,,
LUD,1494465864,4,PONT SAINT-VINCENT,836250,TER,40,,2,1494480240,SUP,
LUD,1494465864,5,NANCY,836251,TER,40,,1,1494480780,,
LUD,1494465864,6,PONT SAINT-VINCENT,836204,TER,40,,2,1494482040,,
LUD,1494465864,7,NANCY,836205,TER,40,,1,1494482760,SUP,
LUD,1494465864,8,PONT SAINT-VINCENT,836252,TER,40,,2,1494483840,,
LUD,1494465864,9,PONT SAINT-VINCENT,836206,TER,40,,2,1494485640,SUP,
LUD,1494465864,10,NANCY,836207,TER,40,,1,1494486360,,
LUD,1494465864,11,NANCY,836253,TER,40,,1,1494488160,,
LUD,1494465864,12,PONT SAINT-VINCENT,836208,TER,40,,2,1494489240,,
LUD,1494465864,13,PONT SAINT-VINCENT,836254,TER,40,,2,1494491040,,
LUD,1494465864,14,NANCY,836209,TER,40,,1,1494493560,,
LUD,1494465864,15,PONT SAINT-VINCENT,836210,TER,40,,2,1494496440,,
LUD,1494465864,16,PONT SAINT-VINCENT,836256,TER,40,,2,1494498240,,
LUD,1494465864,17,NANCY,836255,TER,40,,1,1494498960,,
LUD,1494465864,18,NANCY,836211,TER,40,,1,1494500760,,
LUD,1494465864,19,PONT SAINT-VINCENT,836212,TER,40,,2,1494503640,,
LUD,1494465864,20,NANCY,836213,TER,40,,1,1494504360,,
LUN,1494465467,1,NIMES,876401,TER,40,I,,1494472920,,
LUN,1494465467,2,BEZIERS,876500,TER,40,I,,1494474000,,
LUN,1494465467,3,NIMES,876205,TER,40,I,,1494475080,,
LUN,1494465467,4,NIMES,876403,TER,40,I,,1494476880,,
LUN,1494465467,5,NARBONNE,876502,TER,40,I,,1494477600,,
LUN,1494465467,6,MONTPELLIER,876302,TER,40,I,,1494478320,,
LUN,1494465467,7,NIMES,876601,TER,40,I,,1494478620,,
LUN,1494465467,8,AVIGNON,876301,TER,40,I,,1494479040,,
LUN,1494465467,9,AVIGNON,876405,TER,40,I,,1494480480,,
LUN,1494465467,10,NARBONNE,876402,TER,40,I,,1494480540,,
LUN,1494465467,11,PERPIGNAN,876602,TER,40,I,,1494481500,,
LUN,1494465467,12,MONTPELLIER,876304,TER,40,I,,1494481980,,
LUN,1494465467,13,ALES,877505,TER,40,I,,1494482280,,
LUN,1494465467,14,AVIGNON,876303,TER,40,I,,1494482700,,
LUN,1494465467,15,AVIGNON,86981,TER,40,I,,1494484080,,
LUN,1494465467,16,CERBERE,876404,TER,40,I,,1494484080,,
LUN,1494465467,17,CARCASSONNE,876224,TER,40,I,,1494485100,,
LUN,1494465467,18,MARSEILLE,876513,TER,40,I,,1494485880,,
LUN,1494465467,19,CERBERE,876522,TER,40,I,,1494487560,,
LUN,1494465467,20,AVIGNON,876409,TER,40,I,,1494487680,,
LNE,1494466009,1,ST DIE,834100,TER,40,I,,1494474240,,
LNE,1494466009,2,NANCY,834101,TER,40,I,,1494475440,,
LNE,1494466009,3,NANCY,835011,TER,40,I,,1494477180,,
LNE,1494466009,4,ST DIE,834102,TER,40,I,,1494477540,,
LNE,1494466009,5,RAMBERVILLER,55078,CAR,1040,I,,1494477600,,
LNE,1494466009,6,STRASBOURG,2584,TGV,30,I,,1494477960,,
LNE,1494466009,7,ST DIE,834104,TER,40,I,,1494478260,,
LNE,1494466009,8,BAR LE DUC,833603,TER,40,I,,1494479160,,
LNE,1494466009,9,NANCY,834103,TER,40,I,,1494479340,,
LNE,1494466009,10,RAMBERVILLER,55082,CAR,1040,I,,1494480000,,
LNE,1494466009,11,STRASBOURG,835010,TER,40,I,,1494480240,,
LNE,1494466009,12,ST DIE,834108,TER,40,I,,1494480420,,
LNE,1494466009,13,NANCY,835013,TER,40,I,,1494480720,,
LNE,1494466009,14,MOYEN,55074,CAR,1040,I,,1494481080,,
LNE,1494466009,15,BAR LE DUC,833605,TER,40,I,,1494482760,,
LNE,1494466009,16,NANCY,834105,TER,40,I,,1494482940,,
LNE,1494466009,17,RAMBERVILLER,55088,CAR,1040,I,,1494483600,,
LNE,1494466009,18,STRASBOURG,835012,TER,40,I,,1494483900,,
LNE,1494466009,19,ST DIE,834112,TER,40,I,,1494484140,,
LNE,1494466009,20,NANCY,835015,TER,40,I,,1494484380,,
LUR,1494465443,1,BELFORT,1540,INTERCITES,73,I,,1494473520,,
LUR,1494465443,2,BELFORT,894702,TER,40,I,,1494477060,,
LUR,1494465443,3,VESOUL,894405,TER,40,I,,1494478500,,
LUR,1494465443,4,BELFORT,894404,TER,40,I,,1494478920,,
LUR,1494465443,5,EPINAL,894703,TER,40,I,,1494480300,,
LUR,1494465443,6,BELFORT,894406,TER,40,I,,1494480720,,
LUR,1494465443,7,VESOUL,894409,TER,40,I,,1494481620,,
LUR,1494465443,8,BELFORT,894408,TER,40,I,,1494482520,,
LUR,1494465443,9,VESOUL,894411,TER,40,I,,1494484140,,
LUR,1494465443,10,VESOUL,894413,TER,40,I,,1494485700,,
LUR,1494465443,11,EPINAL,894709,TER,40,I,,1494492900,,
LUR,1494465443,12,PARIS EST,1541,INTERCITES,73,I,,1494494520,,
LUR,1494465443,13,BELFORT,894712,TER,40,I,,1494495060,,
LUR,1494465443,14,VESOUL,894429,TER,40,I,,1494500100,,
LUR,1494465443,15,BELFORT,894428,TER,40,I,,1494500520,,
LUR,1494465443,16,EPINAL,894719,TER,40,I,,1494510660,,
LUR,1494465443,17,BELFORT,1548,INTERCITES,73,I,,1494515220,,
LUR,1494465443,18,BELFORT,894624,TER,40,I,,1494516840,,
LUR,1494465443,19,VESOUL,894449,TER,40,I,,1494518100,,
LUR,1494465443,20,BELFORT,894450,TER,40,I,,1494518520,,
LFZ,1494465507,1,METZERAL,831501,TER,40,,A,1494475320,,
LFZ,1494465507,2,METZERAL,831503,TER,40,,A,1494476940,,
LFZ,1494465507,3,COLMAR,831502,TER,40,,A,1494477360,,
LFZ,1494465507,4,METZERAL,831505,TER,40,,A,1494478620,,
LFZ,1494465507,5,COLMAR,831506,TER,40,,A,1494479040,,
LFZ,1494465507,6,METZERAL,831507,TER,40,,A,1494480960,,
LFZ,1494465507,7,COLMAR,831510,TER,40,,A,1494481440,,
LFZ,1494465507,8,METZERAL,831509,TER,40,,A,1494482940,,
LFZ,1494465507,9,COLMAR,831514,TER,40,,A,1494483480,,
LFZ,1494465507,10,METZERAL,831511,TER,40,,A,1494485160,,
LFZ,1494465507,11,COLMAR,831516,TER,40,,A,1494485580,,
LFZ,1494465507,12,METZERAL,831515,TER,40,,A,1494486960,,
LFZ,1494465507,13,COLMAR,831522,TER,40,,A,1494489480,,
LFZ,1494465507,14,METZERAL,831525,TER,40,,A,1494495060,,
LFZ,1494465507,15,COLMAR,831528,TER,40,,A,1494495480,,
LFZ,1494465507,16,METZERAL,831527,TER,40,,A,1494496980,,
LFZ,1494465507,17,COLMAR,831530,TER,40,,A,1494497400,,
LFZ,1494465507,18,METZERAL,831529,TER,40,,A,1494499140,,
LFZ,1494465507,19,COLMAR,831534,TER,40,,A,1494499500,,
LFZ,1494465507,20,METZERAL,831535,TER,40,,A,1494501540,,
LUG,1494465889,1,AX LES THERMES,871450,TER,40,,1,1494473580,,
LUG,1494465889,2,LATOUR DE CAROL ENVEITG,871482,TER,40,,1,1494477300,,
LUG,1494465889,3,AX LES THERMES,871452,TER,40,,1,1494480780,,
LUG,1494465889,4,PAMIERS,35695,BUS,1040,,,1494481140,,
LUG,1494465889,5,LATOUR DE CAROL ENVEITG,871484,TER,40,,2,1494484380,,
LUG,1494465889,6,TOULOUSE MATABIAU,13981,INTERCITES,73,,1,1494484440,,
LUG,1494465889,7,PARIS AUSTERLITZ,3981,LUNEA,73,,1,1494484440,,
LUG,1494465889,8,AX LES THERMES,35864,BUS,1040,,,1494486600,,
LUG,1494465889,9,TOULOUSE MATABIAU,871451,TER,40,,1,1494488040,,
LUG,1494465889,10,AX LES THERMES,871474,TER,40,,2,1494491580,,
LUG,1494465889,11,TOULOUSE MATABIAU,871473,TER,40,,1,1494491640,,
LUG,1494465889,12,AX LES THERMES,871454,TER,40,,2,1494495180,,
LUG,1494465889,13,TOULOUSE MATABIAU,871453,TER,40,,1,1494495240,,
LUG,1494465889,14,TOULOUSE MATABIAU,871475,TER,40,,1,1494498840,,
LUG,1494465889,15,LATOUR DE CAROL ENVEITG,871476,TER,40,,1,1494505980,,
LUG,1494465889,16,AX LES THERMES,871456,TER,40,,2,1494509580,,
LUG,1494465889,17,TOULOUSE MATABIAU,871455,TER,40,,1,1494509640,,
LUG,1494465889,18,TOULOUSE MATABIAU,871477,TER,40,,1,1494513240,,
LUG,1494465889,19,LATOUR DE CAROL ENVEITG,35740,BUS,1040,,,1494513300,,
LUG,1494465889,20,AX LES THERMES,871458,TER,40,,1,1494516780,,
LYL,1494465472,1,LYON ST PAUL,890000,TER,40,I,,1494474240,,
LYL,1494465472,2,SAIN BEL,49691,BUS,10,I,,1494474780,,
LYL,1494465472,3,SAIN BEL,890001,TER,40,I,,1494475800,,
LYL,1494465472,4,LYON ST PAUL,890002,TER,40,I,,1494476040,,
LYL,1494465472,5,LYON ST PAUL,890004,TER,40,I,,1494476940,,
LYL,1494465472,6,LYON ST PAUL,890350,TER,40,I,,1494477540,,
LYL,1494465472,7,SAIN BEL,890003,TER,40,I,,1494477600,,
LYL,1494465472,8,LYON ST PAUL,890006,TER,40,I,,1494477840,,
LYL,1494465472,9,BRIGNAIS,890301,TER,40,I,,1494478260,,
LYL,1494465472,10,L ARBRESLE,890005,TER,40,I,,1494478500,,
LYL,1494465472,11,LYON ST PAUL,890008,TER,40,I,,1494478740,,
LYL,1494465472,12,LYON ST PAUL,890352,TER,40,I,,1494479340,,
LYL,1494465472,13,SAIN BEL,890007,TER,40,I,,1494479400,,
LYL,1494465472,14,LYON ST PAUL,890010,TER,40,I,,1494479640,,
LYL,1494465472,15,BRIGNAIS,890303,TER,40,I,,1494480060,,
LYL,1494465472,16,L ARBRESLE,890009,TER,40,I,,1494480300,,
LYL,1494465472,17,LYON ST PAUL,890012,TER,40,I,,1494480540,,
LYL,1494465472,18,LYON ST PAUL,890354,TER,40,I,,1494481140,,
LYL,1494465472,19,SAIN BEL,890011,TER,40,I,,1494481200,,
LYL,1494465472,20,LYON ST PAUL,890014,TER,40,I,,1494481440,,
LJC,1494465400,1,PERRACHE,886103,TER,40,,A,1494474120,,
LJC,1494465400,2,PERRACHE,887301,TER,40,,A,1494475020,,
LJC,1494465400,3,ST ANDRE GAZ,887302,TER,40,,B,1494475200,,
LJC,1494465400,4,PERRACHE,887101,TER,40,,A,1494476520,,
LJC,1494465400,5,ST ANDRE G.,887304,TER,40,,B,1494477000,,
LJC,1494465400,6,VIENNE,887102,TER,40,,B,1494477360,,
LJC,1494465400,7,PERRACHE,886107,TER,40,,A,1494477720,,
LJC,1494465400,8,VALENCE,886102,TER,40,,B,1494477900,,
LJC,1494465400,9,MACON,887103,TER,40,,A,1494478320,,
LJC,1494465400,10,PERRACHE,887303,TER,40,,A,1494478620,,
LJC,1494465400,11,ST ANDRE GAZ,887300,TER,40,,B,1494478800,,
LJC,1494465400,12,VIENNE,887104,TER,40,,B,1494479160,,
LJC,1494465400,13,PIERRELATTE,886172,TER,40,,B,1494479700,,
LJC,1494465400,14,VILLEFRANCHE,887105,TER,40,,A,1494480120,,
LJC,1494465400,15,PERRACHE,887305,TER,40,,A,1494480480,,
LJC,1494465400,16,GRENOBLE,885300,TER,40,,B,1494480600,,
LJC,1494465400,17,VIENNE,887106,TER,40,,B,1494480960,,
LJC,1494465400,18,MACON,886111,TER,40,,A,1494481380,,
LJC,1494465400,19,VALENCE,886108,TER,40,,B,1494481500,,
LJC,1494465400,20,VILLEFRANCHE,887107,TER,40,,A,1494481920,,
LYD,1494465999,1,AMBERIEU,49634,CAR,1040,,,1494473580,,
LYD,1494465999,2,ST ETIENNE,886800,TER,40,I,,1494475560,,
LYD,1494465999,3,MACON VILLE,39991,CAR,1040,,,1494476100,,
LYD,1494465999,4,AMBERIEU,886701,TER,40,I,,1494476280,,
LYD,1494465999,5,ROANNE,886603,TER,40,I,,1494476400,,
LYD,1494465999,6,ST ETIENNE,886802,TER,40,I,,1494477360,,
LYD,1494465999,7,BOURG EN B.,889403,TER,40,I,,1494477540,,
LYD,1494465999,8,GRENOBLE,17600,TER,40,I,,1494477960,,
LYD,1494465999,9,AMBERIEU,886703,TER,40,I,,1494478080,,
LYD,1494465999,10,ST ETIENNE,6690,TGV,30,I,,1494478680,,
LYD,1494465999,11,MACON VILLE,886003,TER,40,I,,1494478800,,
LYD,1494465999,12,ST ETIENNE,886804,TER,40,I,,1494479160,,
LYD,1494465999,13,BOURG EN B.,889405,TER,40,I,,1494479280,,
LYD,1494465999,14,CHAMBERY,18540,TER,40,I,,1494479400,,
LYD,1494465999,15,GRENOBLE,17602,TER,40,I,,1494479760,,
LYD,1494465999,16,AMBERIEU,886705,TER,40,I,,1494479880,,
LYD,1494465999,17,ROANNE,886605,TER,40,I,,1494480000,,
LYD,1494465999,18,BELLEGARDE,96551,TER,40,I,,1494480240,,
LYD,1494465999,19,LONS LE S.,895811,TER,40,I,,1494480660,,
LYD,1494465999,20,PARAY LE M.,893901,TER,40,I,,1494480900,,
LPR,1494465999,1,ST ANDRE GAZ,39550,BUS,10,,0,1494474000,,
LPR,1494465999,2,ST ANDRE GAZ,887302,TER,40,,,1494475500,,
LPR,1494465999,3,VILLEFRANCHE,49799,BUS,10,,0,1494475800,,
LPR,1494465999,4,FIRMINY,886250,TER,40,,K,1494476880,,
LPR,1494465999,5,ROANNE,886603,TER,40,,A,1494477060,,
LPR,1494465999,6,ST ANDRE GAZ,887304,TER,40,,23,1494477300,,
LPR,1494465999,7,VIENNE,887102,TER,40,,H,1494477660,,
LPR,1494465999,8,MACON,887103,TER,40,,D,1494477900,,
LPR,1494465999,9,VALENCE,886102,TER,40,,F,1494478200,,
LPR,1494465999,10,BOURG EN B.,889403,TER,40,,H,1494478260,,
LPR,1494465999,11,ST ETIENNE,886252,TER,40,,K,1494478680,,
LPR,1494465999,12,ST ANDRE GAZ,887300,TER,40,,21,1494479100,,
LPR,1494465999,13,VIENNE,887104,TER,40,,I,1494479460,,
LPR,1494465999,14,VILLEFRANCHE,887105,TER,40,,E,1494479700,,
LPR,1494465999,15,BOURG EN B.,889405,TER,40,,H,1494480000,,
LPR,1494465999,16,PIERRELATTE,886172,TER,40,,,1494480000,,
LPR,1494465999,17,FIRMINY,886254,TER,40,,K,1494480000,,
LPR,1494465999,18,ROANNE,889653,TER,40,,F,1494480000,,
LPR,1494465999,19,ROANNE,886605,TER,40,,E,1494480660,,
LPR,1494465999,20,GRENOBLE,885300,TER,40,,I,1494480900,,
SXA,1494465999,1,GRENOBLE,6900,TGV,30,I,,1494476460,,
SXA,1494465999,2,GRENOBLE,6902,TGV,30,I,,1494480060,,
SXA,1494465999,3,GRENOBLE,6904,TGV,30,I,,1494483660,,
SXA,1494465999,4,PARIS,6901,TGV,30,I,,1494484440,,
SXA,1494465999,5,GRENOBLE,6906,TGV,30,I,,1494487260,,
SXA,1494465999,6,PARIS,6905,TGV,30,I,,1494488040,,
SXA,1494465999,7,PARIS,6191,TGV,30,I,,1494488040,,
SXA,1494465999,8,MARSEILLE,6284,OUIGO,39,I,,1494488760,,
SXA,1494465999,9,PARIS,2917,IDTGV,33,I,,1494491340,,
SXA,1494465999,10,PARIS,6105,TGV,30,I,,1494491340,,
SXA,1494465999,11,ANNECY,6964,TGV,30,I,,1494494580,,
SXA,1494465999,12,MILAN,9240,TGV,30,I,,1494494580,,
SXA,1494465999,13,PARIS,9247,TGV,30,I,,1494495240,,
SXA,1494465999,14,PARIS,6911,TGV,30,I,,1494495240,,
SXA,1494465999,15,PARIS,6939,TGV,30,I,,1494498780,,
SXA,1494465999,16,MARNE,6255,OUIGO,39,I,,1494500340,,
SXA,1494465999,17,PARIS,6917,TGV,30,I,,1494502440,,
SXA,1494465999,18,PARIS,6193,TGV,30,I,,1494502440,,
SXA,1494465999,19,MARNE,6253,OUIGO,39,I,,1494504360,,
SXA,1494465999,20,GRENOBLE,6910,TGV,30,I,,1494505380,,
LVI,1494465470,1,VILLEFRANCHE,49799,BUS,10,,,1494474900,,
LVI,1494465470,2,MACON VILLE,887103,TER,40,,A,1494477540,,
LVI,1494465470,3,VIENNE,887102,TER,40,,D,1494478200,,
LVI,1494465470,4,VILLEFRANCHE,887105,TER,40,,A,1494479340,,
LVI,1494465470,5,ROANNE,889653,TER,40,,A,1494479580,,
LVI,1494465470,6,VIENNE,887104,TER,40,,D,1494480000,,
LVI,1494465470,7,MACON VILLE,886111,TER,40,,A,1494480480,,
LVI,1494465470,8,PIERRELATTE,886172,TER,40,,D,1494480600,,
LVI,1494465470,9,VILLEFRANCHE,887107,TER,40,,A,1494481140,,
LVI,1494465470,10,VIENNE,887106,TER,40,,D,1494481800,,
LVI,1494465470,11,VILLEFRANCHE,887109,TER,40,,A,1494482940,,
LVI,1494465470,12,ROANNE,889655,TER,40,,A,1494483180,,
LVI,1494465470,13,VIENNE,887108,TER,40,,D,1494483600,,
LVI,1494465470,14,MACON VILLE,886011,TER,40,,A,1494484080,,
LVI,1494465470,15,AVIGNON,886174,TER,40,,D,1494484200,,
LVI,1494465470,16,VILLEFRANCHE,887111,TER,40,,A,1494484740,,
LVI,1494465470,17,VIENNE,887110,TER,40,,D,1494485400,,
LVI,1494465470,18,NEVERS,893903,TER,40,,A,1494485760,,
LVI,1494465470,19,VILLEFRANCHE,887113,TER,40,,A,1494486540,,
LVI,1494465470,20,MACON VILLE,886015,TER,40,,A,1494487680,,
MCI,1494465418,1,EVIAN LES B.,884550,TER,40,,E,1494473520,,
MCI,1494465418,2,EVIAN LES B.,96554,TER,40,,E,1494474780,,
MCI,1494465418,3,THONON LES B,49908,BUS,10,,,1494476400,,
MCI,1494465418,4,EVIAN LES B.,884554,TER,40,,E,1494478380,,
MCI,1494465418,5,EVIAN LES B.,884308,TER,40,,E,1494480060,,
MCI,1494465418,6,ANNEMASSE,884355,TER,40,,D,1494480180,,
MCI,1494465418,7,EVIAN LES B.,884558,TER,40,,E,1494481800,,
MCI,1494465418,8,BELLEGARDE,884503,TER,40,,E,1494482700,,
MCI,1494465418,9,EVIAN LES B.,884312,TER,40,,E,1494484020,,
MCI,1494465418,10,THONON LES B,884566,TER,40,,E,1494485580,,
MCI,1494465418,11,BELLEGARDE,884505,TER,40,,E,1494486300,,
MCI,1494465418,12,EVIAN LES B.,884570,TER,40,,E,1494492780,,
MCI,1494465418,13,BELLEGARDE,884509,TER,40,,E,1494493500,,
MCI,1494465418,14,ANNEMASSE,884371,TER,40,,E,1494498420,,
MCI,1494465418,15,EVIAN LES B.,884574,TER,40,,E,1494499980,,
MCI,1494465418,16,BELLEGARDE,884517,TER,40,,E,1494500700,,
MCI,1494465418,17,EVIAN LES B.,884326,TER,40,,E,1494502200,,
MCI,1494465418,18,EVIAN LES B.,884578,TER,40,,E,1494507180,,
MCI,1494465418,19,BELLEGARDE,884521,TER,40,,E,1494507900,,
MCI,1494465418,20,EVIAN LES B.,884580,TER,40,,E,1494514380,,
MAC,1494465391,1,DIJON VILLE,17801,TER,40,I,,1494478500,,
MAC,1494465391,2,LYON PERRACH,17800,TER,40,I,,1494478980,,
MAC,1494465391,3,CHALON S S,891981,TER,40,I,,1494479520,,
MAC,1494465391,4,AMBERIEU,882104,TER,40,I,,1494481260,,
MAC,1494465391,5,DIJON VILLE,17803,TER,40,I,,1494482100,,
MAC,1494465391,6,LYON P DIEU,17756,TER,40,I,,1494482580,,
MAC,1494465391,7,DIJON VILLE,891501,TER,40,I,,1494483180,,
MAC,1494465391,8,PIERRELATTE,886172,TER,40,I,,1494483900,,
MAC,1494465391,9,DIJON VILLE,17805,TER,40,I,,1494485700,,
MAC,1494465391,10,LYON P DIEU,17802,TER,40,I,,1494486180,,
MAC,1494465391,11,AVIGNON,886174,TER,40,I,,1494487500,,
MAC,1494465391,12,SENS,17751,TER,40,I,,1494489300,,
MAC,1494465391,13,LYON PERRACH,17804,TER,40,I,,1494489780,,
MAC,1494465391,14,TOULOUSE MAT,6868,TGV,30,I,,1494491280,,
MAC,1494465391,15,DIJON VILLE,17809,TER,40,I,,1494492900,,
MAC,1494465391,16,LYON P DIEU,17806,TER,40,I,,1494493380,,
MAC,1494465391,17,LYON P DIEU,17758,TER,40,I,,1494496980,,
MAC,1494465391,18,PARIS BERCY,17753,TER,40,I,,1494497400,,
MAC,1494465391,19,LUXEMBOURG,9877,TGV,30,I,,1494497940,,
MAC,1494465391,20,NICE,6814,TGV,30,I,,1494499380,,
MLH,1494466000,1,LYON PCHE,6602,TGV,30,I,,1494476880,,
MLH,1494466000,2,LYON PCHE,6608,TGV,30,I,,1494484140,,
MLH,1494466000,3,PARIS,6933,TGV,30,I,,1494487440,,
MLH,1494466000,4,MIRAMAS,6194,TGV,30,I,,1494491700,,
MLH,1494466000,5,PARIS,6937,TGV,30,I,,1494494640,,
MLH,1494466000,6,PARIS,6941,TGV,30,I,,1494505200,,
MLH,1494466000,7,ANNECY,6972,TGV,30,I,,1494505920,,
MLH,1494466000,8,MILANO,9244,LYRIA,35,I,,1494505920,,
MLH,1494466000,9,LYON PCHE,6624,TGV,30,I,,1494512880,,
MLH,1494466000,10,PARIS,6947,TGV,30,I,,1494519600,,
MLH,1494466000,11,PARIS,6949,TGV,30,I,,1494523440,,
MLH,1494466000,12,MIRAMAS,6198,TGV,30,I,,1494523920,,
MLH,1494466000,13,PARIS,6951,TGV,30,I,,1494526800,,
MLH,1494466000,14,ANNECY,6984,TGV,30,I,,1494527460,,
MLH,1494466000,15,PARIS,6631,TGV,30,I,,1494531420,,
MGD,1494465419,1,ST GERVAIS,96552,TER,40,,B,1494472500,,
MGD,1494465419,2,ST GERVAIS,884650,TER,40,,B,1494476100,,
MGD,1494465419,3,ST GERVAIS,884150,TER,40,,B,1494479700,,
MGD,1494465419,4,ANNEMASSE,884601,TER,40,,B,1494481320,,
MGD,1494465419,5,ST GERVAIS,884654,TER,40,,B,1494483300,,
MGD,1494465419,6,ANNECY,884101,TER,40,,B,1494484920,,
MGD,1494465419,7,ST GERVAIS,884154,TER,40,,A,1494486900,,
MGD,1494465419,8,BELLEGARDE,884605,TER,40,,B,1494488580,,
MGD,1494465419,9,ST GERVAIS,884662,TER,40,,B,1494490500,,
MGD,1494465419,10,BELLEGARDE,884609,TER,40,,B,1494495720,,
MGD,1494465419,11,ST GERVAIS,884666,TER,40,,B,1494497700,,
MGD,1494465419,12,ANNECY,884109,TER,40,,B,1494499320,,
MGD,1494465419,13,ST GERVAIS,884164,TER,40,,B,1494501300,,
MGD,1494465419,14,BELLEGARDE,884617,TER,40,,B,1494502920,,
MGD,1494465419,15,ST GERVAIS,884668,TER,40,,B,1494504900,,
MGD,1494465419,16,ANNECY,884113,TER,40,,B,1494506520,,
MGD,1494465419,17,ST GERVAIS,884168,TER,40,,B,1494508500,,
MGD,1494465419,18,BELLEGARDE,884621,TER,40,,B,1494510120,,
MGD,1494465419,19,ST GERVAIS,884670,TER,40,,B,1494512100,,
MGD,1494465419,20,ANNECY,884117,TER,40,,B,1494513720,,
MMZ,1494465534,1,METZ VILLE,88704,TER,40,I,,1494475020,,
MMZ,1494465534,2,LUXEMBOURG,88701,TER,40,I,,1494475200,,
MMZ,1494465534,3,METZ VILLE,88708,TER,40,I,,1494476340,,
MMZ,1494465534,4,LUXEMBOURG,88703,TER,40,I,,1494477000,,
MMZ,1494465534,5,METZ VILLE,88712,TER,40,I,,1494478620,,
MMZ,1494465534,6,LUXEMBOURG,88705,TER,40,I,,1494478800,,
MMZ,1494465534,7,METZ VILLE,88714,TER,40,I,,1494480420,,
MMZ,1494465534,8,LUXEMBOURG,88709,TER,40,I,,1494480600,,
MMZ,1494465534,9,METZ VILLE,88716,TER,40,I,,1494482220,,
MMZ,1494465534,10,THIONVILLE,837683,TER,40,I,,1494482400,,
MMZ,1494465534,11,METZ VILLE,88718,TER,40,I,,1494484020,,
MMZ,1494465534,12,LUXEMBOURG,88715,TER,40,I,,1494484200,,
MMZ,1494465534,13,METZ VILLE,88722,TER,40,I,,1494485820,,
MMZ,1494465534,14,LUXEMBOURG,88719,TER,40,I,,1494486060,,
MMZ,1494465534,15,METZ VILLE,88734,TER,40,I,,1494496680,,
MMZ,1494465534,16,LUXEMBOURG,88725,TER,40,I,,1494497040,,
MMZ,1494465534,17,METZ VILLE,88736,TER,40,I,,1494500340,,
MMZ,1494465534,18,LUXEMBOURG,88729,TER,40,I,,1494500400,,
MMZ,1494465534,19,LUXEMBOURG,88733,TER,40,I,,1494504000,,
MMZ,1494465534,20,METZ VILLE,837680,TER,40,I,,1494504180,,
MTE,1494465450,1,,130703,TRANSILIEN,60,,H,1494474480,,
MTE,1494465450,2,,130906,TRANSILIEN,60,,B,1494474540,,
MTE,1494465450,3,,747503,,NULL,,E,1494475020,,
MTE,1494465450,4,,748601,,NULL,,H,1494475380,,
MTE,1494465450,5,,13330,INTERCITES,73,,F,1494475980,,
MTE,1494465450,6,,747507,,NULL,,A,1494476040,,
MTE,1494465450,7,,850002,TER,40,,B,1494477060,,
MTE,1494465450,8,,851102,TER,40,,E,1494477660,,
MTE,1494465450,9,,850003,TER,40,,H,1494477720,,
MTE,1494465450,10,,747421,,NULL,,A,1494477780,,
MTE,1494465450,11,,850052,TER,40,,B,1494477900,,
MTE,1494465450,12,,13100,INTERCITES,73,,B,1494478380,,
MTE,1494465450,13,,164645,TRANSILIEN,60,,H,1494478560,,
MTE,1494465450,14,,130910,TRANSILIEN,60,,D,1494478980,,
MTE,1494465450,15,,851022,TER,40,,F,1494479580,,
MTE,1494465450,16,,136811,TRANSILIEN,60,,A,1494479880,,
MTE,1494465450,17,,130705,TRANSILIEN,60,,E,1494480060,,
MTE,1494465450,18,,850042,TER,40,,B,1494480420,,
MTE,1494465450,19,,851104,TER,40,,D,1494481260,,
MTE,1494465450,20,,136817,TRANSILIEN,60,,A,1494481500,,
MTK,1494465547,1,HAGUENAU,830501,TER,40,,A,1494473940,,
MTK,1494465547,2,HAGUENAU,830503,TER,40,,A,1494475800,,
MTK,1494465547,3,HAGUENAU,830505,TER,40,,A,1494476520,,
MTK,1494465547,4,STRASBOURG,830500,TER,40,,B,1494477000,,
MTK,1494465547,5,HAGUENAU,830509,TER,40,,A,1494478380,,
MTK,1494465547,6,HAGUENAU,830513,TER,40,,A,1494480120,,
MTK,1494465547,7,STRASBOURG,830506,TER,40,,B,1494480900,,
MTK,1494465547,8,HAGUENAU,830515,TER,40,,A,1494481920,,
MTK,1494465547,9,STRASBOURG,830508,TER,40,,B,1494482640,,
MTK,1494465547,10,HAGUENAU,830519,TER,40,,A,1494483840,,
MTK,1494465547,11,STRASBOURG,830512,TER,40,,B,1494484440,,
MTK,1494465547,12,HAGUENAU,830521,TER,40,,A,1494485640,,
MTK,1494465547,13,STRASBOURG,830514,TER,40,,B,1494486240,,
MTK,1494465547,14,STRASBOURG,830516,TER,40,,B,1494488040,,
MTK,1494465547,15,HAGUENAU,830525,TER,40,,A,1494489240,,
MTK,1494465547,16,STRASBOURG,830520,TER,40,,B,1494491640,,
MTK,1494465547,17,HAGUENAU,830529,TER,40,,A,1494492900,,
MTK,1494465547,18,WISSEMBOURG,830531,TER,40,,A,1494493800,,
MTK,1494465547,19,STRASBOURG,830524,TER,40,,B,1494495240,,
MTK,1494465547,20,HAGUENAU,830533,TER,40,,A,1494496440,,
MSB,1494465885,1,LUCHON-RICHELIEU,35688,BUS,1040,,,1494477480,,
MSB,1494465885,2,MONTRÃ‰JEAU-GOURDAN POLIGNAN,35759,BUS,1040,,,1494482460,,
MSB,1494465885,3,MONTRÃ‰JEAU-GOURDAN POLIGNAN,35699,BUS,1040,,,1494484140,,
MSB,1494465885,4,LUCHON-RICHELIEU,35690,BUS,1040,,,1494486420,,
MSB,1494465885,5,LUCHON-RICHELIEU,35686,BUS,1040,,,1494489240,,
MSB,1494465885,6,MONTRÃ‰JEAU-GOURDAN POLIGNAN,433701,BUS,1040,,,1494489720,,
MSB,1494465885,7,LUCHON-RICHELIEU,433700,BUS,1040,,,1494493920,,
MSB,1494465885,8,MONTRÃ‰JEAU-GOURDAN POLIGNAN,35701,BUS,1040,,,1494496500,,
MSB,1494465885,9,MONTRÃ‰JEAU-GOURDAN POLIGNAN,55909,BUS,10,,,1494506760,,
MSB,1494465885,10,LUCHON-RICHELIEU,35692,BUS,1040,,,1494508500,,
MSB,1494465885,11,LUCHON,55906,BUS,10,,,1494512640,,
MSB,1494465885,12,MONTRÃ‰JEAU-GOURDAN POLIGNAN,35703,BUS,1040,,,1494513420,,
MSB,1494465885,13,LUCHON-RICHELIEU,35694,BUS,1040,,,1494519780,,
MSB,1494465885,14,MONTRÃ‰JEAU-GOURDAN POLIGNAN,35705,BUS,1040,,,1494522900,,
MSB,1494465885,15,MONTRÃ‰JEAU-GOURDAN POLIGNAN,35663,BUS,1040,,,1494531420,,
MRG,1494465419,1,ST GERVAIS,96552,TER,40,,B,1494473280,,
MRG,1494465419,2,ST GERVAIS,884650,TER,40,,B,1494476940,,
MRG,1494465419,3,ANNEMASSE,884601,TER,40,,B,1494480480,,
MRG,1494465419,4,ST GERVAIS,884150,TER,40,,A,1494480540,,
MRG,1494465419,5,ANNECY,884101,TER,40,,B,1494484080,,
MRG,1494465419,6,ST GERVAIS,884654,TER,40,,A,1494484140,,
MRG,1494465419,7,BELLEGARDE,884605,TER,40,,B,1494487680,,
MRG,1494465419,8,ST GERVAIS,884154,TER,40,,A,1494487740,,
MRG,1494465419,9,ST GERVAIS,884662,TER,40,,B,1494491340,,
MRG,1494465419,10,BELLEGARDE,884609,TER,40,,B,1494494880,,
MRG,1494465419,11,ANNECY,884109,TER,40,,B,1494498480,,
MRG,1494465419,12,ST GERVAIS,884666,TER,40,,A,1494498540,,
MRG,1494465419,13,BELLEGARDE,884617,TER,40,,B,1494502080,,
MRG,1494465419,14,ST GERVAIS,884164,TER,40,,A,1494502140,,
MRG,1494465419,15,ANNECY,884113,TER,40,,B,1494505680,,
MRG,1494465419,16,ST GERVAIS,884668,TER,40,,A,1494505740,,
MRG,1494465419,17,BELLEGARDE,884621,TER,40,,B,1494509280,,
MRG,1494465419,18,ST GERVAIS,884168,TER,40,,A,1494509340,,
MRG,1494465419,19,ANNECY,884117,TER,40,,B,1494512880,,
MRG,1494465419,20,ST GERVAIS,884670,TER,40,,A,1494512940,,
MXC,1494465508,1,BOURG,889403,TER,40,,A,1494474660,,
MXC,1494465508,2,BOURG,889405,TER,40,,A,1494476460,,
MXC,1494465508,3,BOURG,889409,TER,40,,A,1494478260,,
MXC,1494465508,4,LYON PERR.,889402,TER,40,,A,1494479280,,
MXC,1494465508,5,BOURG,886415,TER,40,,A,1494480120,,
MXC,1494465508,6,BOURG,889415,TER,40,,A,1494481860,,
MXC,1494465508,7,LYON PERR.,889404,TER,40,,A,1494482880,,
MXC,1494465508,8,BOURG,886417,TER,40,,A,1494483660,,
MXC,1494465508,9,BOURG,889419,TER,40,,A,1494485460,,
MXC,1494465508,10,LYON PERR.,889406,TER,40,,A,1494486540,,
MXC,1494465508,11,BOURG,889423,TER,40,,A,1494492660,,
MXC,1494465508,12,LYON PERR.,889410,TER,40,,A,1494493740,,
MXC,1494465508,13,BOURG,889425,TER,40,,A,1494496260,,
MXC,1494465508,14,LYON PERR.,889416,TER,40,,A,1494497280,,
MXC,1494465508,15,BOURG,889427,TER,40,,A,1494499860,,
MXC,1494465508,16,LYON PERR.,889418,TER,40,,A,1494500880,,
MXC,1494465508,17,BOURG,889429,TER,40,,A,1494503460,,
MXC,1494465508,18,LYON PERR.,889420,TER,40,,A,1494504480,,
MXC,1494465508,19,BOURG,889431,TER,40,,A,1494507060,,
MXC,1494465508,20,LYON PERR.,889428,TER,40,,A,1494508140,,
MMD,1494465868,1,AGEN,866808,TER,40,,,1494472860,,
MMD,1494465868,2,AGEN,866810,TER,40,,,1494475680,,
MMD,1494465868,3,AGEN,866812,TER,40,,,1494479100,,
MMD,1494465868,4,BORDEAUX SAINT-JEAN,866813,TER,40,,,1494481140,,
MMD,1494465868,5,BORDEAUX SAINT-JEAN,866815,TER,40,,,1494482160,,
MMD,1494465868,6,AGEN,866814,TER,40,,,1494483660,,
MMD,1494465868,7,AGEN,866820,TER,40,,,1494494400,,
MMD,1494465868,8,BORDEAUX SAINT-JEAN,866817,TER,40,,,1494495540,,
MMD,1494465868,9,AGEN,866824,TER,40,,,1494501600,,
MMD,1494465868,10,BORDEAUX SAINT-JEAN,866819,TER,40,,,1494503040,,
MMD,1494465868,11,MARSEILLE SAINT-CHARLES,4754,INTERCITES,73,,,1494503700,,
MMD,1494465868,12,BORDEAUX SAINT-JEAN,4663,INTERCITES,73,,,1494504480,,
MMD,1494465868,13,AGEN,866828,TER,40,,,1494508860,,
MMD,1494465868,14,BORDEAUX SAINT-JEAN,866829,TER,40,,,1494509940,,
MMD,1494465868,15,MARSEILLE SAINT-CHARLES,4756,INTERCITES,73,,,1494510840,,
MMD,1494465868,16,AGEN,866832,TER,40,,,1494515940,,
MMD,1494465868,17,BORDEAUX SAINT-JEAN,866833,TER,40,,,1494517140,,
MMD,1494465868,20,BORDEAUX,866877,TER,40,,5,1494520260,,
MLV,1494466011,1,LILLE EUROPE,5004,TGV,30,I,,1494479220,,
MLV,1494466011,2,LILLE EUROPE,5104,TGV,30,I,,1494479220,,
MLV,1494466011,3,LYON PART D.,9853,TGV,30,I,,1494481500,,
MLV,1494466011,4,LILLE EUROPE,5200,TGV,30,I,,1494484140,,
MLV,1494466011,5,LILLE FLANDR,5110,TGV,30,I,,1494484800,,
MLV,1494466011,6,BRUXELLES,9810,TGV,30,I,,1494484800,,
MLV,1494466011,7,MULHOUSE,5153,TGV,30,I,,1494485340,,
MLV,1494466011,8,RENNES,5255,TGV,30,I,,1494485820,,
MLV,1494466011,9,NANTES,5252,TGV,30,I,,1494485820,,
MLV,1494466011,10,STRASBOURG,5487,TGV,30,I,,1494487740,,
MLV,1494466011,11,STRASBOURG,5470,TGV,30,I,,1494487740,,
MLV,1494466011,12,MARSEILLE,5065,TGV,30,I,,1494488940,,
MLV,1494466011,13,MARSEILLE,9855,TGV,30,I,,1494488940,,
MLV,1494466011,14,TOURCOING,7632,OUIGO,39,I,,1494489480,,
MLV,1494466011,15,BRUXELLES,9812,TGV,30,I,,1494490020,,
MLV,1494466011,16,BRUXELLES,5012,TGV,30,I,,1494490020,,
MLV,1494466011,17,STRASBOURG,5450,TGV,30,I,,1494490980,,
MLV,1494466011,18,NANTES,5479,TGV,30,I,,1494491220,,
MLV,1494466011,19,LILLE EUROPE,5202,TGV,30,I,,1494491280,,
MLV,1494466011,20,LYON PER.,6282,OUIGO,39,I,,1494491640,,
MSC,1494465399,1,AIX EN PCE,880115,TER,40,I,,1494476520,,
MSC,1494465399,2,TOULON,881412,TER,40,I,,1494476580,,
MSC,1494465399,3,MIRAMAS,879103,TER,40,I,,1494476640,,
MSC,1494465399,4,AVIGNON C,879503,TER,40,I,,1494478680,,
MSC,1494465399,5,HYERES,881600,TER,40,I,,1494478680,,
MSC,1494465399,6,AIX EN PCE,880119,TER,40,I,,1494478980,,
MSC,1494465399,7,AUBAGNE,881006,TER,40,I,,1494478980,,
MSC,1494465399,8,MIRAMAS PDB,879703,TER,40,I,,1494479340,,
MSC,1494465399,9,TOULON,881416,TER,40,I,,1494479460,,
MSC,1494465399,10,PERTUIS,880605,TER,40,I,,1494479700,,
MSC,1494465399,11,AVIGNON C,879601,TER,40,I,,1494480000,,
MSC,1494465399,12,BEZIERS,876501,TER,40,I,,1494480420,,
MSC,1494465399,13,HYERES,881602,TER,40,I,,1494480540,,
MSC,1494465399,14,MIRAMAS PDB,879707,TER,40,I,,1494480780,,
MSC,1494465399,15,LES ARCS,881652,TER,40,I,,1494481020,,
MSC,1494465399,16,AIX EN PCE,880121,TER,40,I,,1494481320,,
MSC,1494465399,17,AUBAGNE,881012,TER,40,I,,1494481380,,
MSC,1494465399,18,MIRAMAS,879105,TER,40,I,,1494481500,,
MSC,1494465399,19,AVIGNON C,879511,TER,40,I,,1494482100,,
MSC,1494465399,20,PERTUIS,880607,TER,40,I,,1494482100,,
MBC,1494465569,1,MARSEILLE,881651,TER,40,,1,1494473820,,
MBC,1494465569,2,MARSEILLE,881605,TER,40,,3,1494475560,,
MBC,1494465569,3,TOULON,881412,TER,40,,2,1494476100,,
MBC,1494465569,4,MARSEILLE,881607,TER,40,,1,1494477420,,
MBC,1494465569,5,HYERES,881600,TER,40,,2,1494478200,,
MBC,1494465569,6,AUBAGNE,881006,TER,40,,4,1494478620,,
MBC,1494465569,7,MARSEILLE,881007,TER,40,,3,1494478620,,
MBC,1494465569,8,TOULON,881416,TER,40,,2,1494478980,,
MBC,1494465569,9,MARSEILLE,881609,TER,40,,1,1494479220,,
MBC,1494465569,10,MARSEILLE,881011,TER,40,,3,1494479820,,
MBC,1494465569,11,HYERES,881602,TER,40,,2,1494480180,,
MBC,1494465569,12,LES ARCS,881652,TER,40,,2,1494480480,,
MBC,1494465569,13,TOULON,881700,TER,40,,2,1494480900,,
MBC,1494465569,14,AUBAGNE,881012,TER,40,,4,1494481020,,
MBC,1494465569,15,MARSEILLE,881613,TER,40,,1,1494481020,,
MBC,1494465569,16,HYERES,881604,TER,40,,2,1494481860,,
MBC,1494465569,17,LES ARCS,881654,TER,40,,2,1494482160,,
MBC,1494465569,18,AUBAGNE,881014,TER,40,,4,1494482220,,
MBC,1494465569,19,MARSEILLE,881015,TER,40,,3,1494482220,,
MBC,1494465569,20,MARSEILLE,881409,TER,40,,1,1494482760,,
MAI,1494465552,1,SERQUEUX,847500,TER,40,,D,1494477180,,
MAI,1494465552,2,LE TREPORT,847502,TER,40,,D,1494478920,,
MAI,1494465552,3,ABANCOURT,847508,TER,40,,D,1494480600,,
MAI,1494465552,4,BEAUVAIS,847503,TER,40,,D,1494482820,,
MAI,1494465552,5,ABANCOURT,38402,TER,40,,,1494484680,,
MAI,1494465552,6,ABANCOURT,38404,TER,40,,,1494496440,,
MAI,1494465552,7,BEAUVAIS,847509,TER,40,,D,1494500460,,
MAI,1494465552,8,LE TREPORT,847514,TER,40,,D,1494502140,,
MAI,1494465552,9,ABANCOURT,38406,TER,40,,,1494515700,,
MAI,1494465552,10,BEAUVAIS,847511,TER,40,,D,1494515880,,
MAI,1494465552,11,BEAUVAIS,847513,TER,40,,D,1494520020,,
MAI,1494465552,12,LE TREPORT,847518,TER,40,,D,1494521700,,
MAI,1494465552,13,BEAUVAIS,38405,TER,40,,,1494523020,,
MAI,1494465552,14,BEAUVAIS,38407,TER,40,,,1494524460,,
MAI,1494465552,15,BEAUVAIS,847525,TER,40,,D,1494526680,,
MVJ,1494465457,1,ST CHELY D A,34215,BUS,10,,,1494473100,,
MVJ,1494465457,2,MENDE,34220,BUS,10,,,1494480300,,
MVJ,1494465457,3,BEZIERS,878950,TER,40,,B,1494489060,,
MVJ,1494465457,4,MENDE,34222,BUS,10,,,1494491700,,
MVJ,1494465457,5,LA BASTIDE,34258,BUS,10,,,1494496500,,
MVJ,1494465457,6,ST CHELY D A,878957,TER,40,,A,1494497280,,
MVJ,1494465457,7,BEZIERS,15942,INTERCITES,73,,A,1494499620,,
MVJ,1494465457,8,CLERMONT FD,34229,BUS,10,,,1494500400,,
MVJ,1494465457,9,ST CHELY D A,34217,BUS,10,,,1494503580,,
MVJ,1494465457,10,MILLAU,34218,BUS,10,,,1494511680,,
MVJ,1494465457,11,ST CHELY D A,34215,BUS,10,,,1494473100,,
MVJ,1494465457,12,MENDE,34220,BUS,10,,,1494480300,,
MVJ,1494465457,13,BEZIERS,878950,TER,40,,B,1494489060,,
MVJ,1494465457,14,MENDE,34222,BUS,10,,,1494491700,,
MVJ,1494465457,15,LA BASTIDE,34258,BUS,10,,,1494496500,,
MVJ,1494465457,16,ST CHELY D A,878957,TER,40,,A,1494497280,,
MVJ,1494465457,17,BEZIERS,15942,INTERCITES,73,,A,1494499620,,
MVJ,1494465457,18,CLERMONT FD,34229,BUS,10,,,1494500400,,
MVJ,1494465457,19,ST CHELY D A,34217,BUS,10,,,1494503580,,
MVJ,1494465457,20,MILLAU,34218,BUS,10,,,1494511680,,
MST,1494465858,1,BRIVE LA GAILLARDE,869102,TER,40,,,1494477600,,
MST,1494465858,2,LIMOGES BÃ‰NÃ‰DICTINS,869103,TER,40,,,1494477960,,
MST,1494465858,3,BRIVE LA GAILLARDE,869106,TER,40,,,1494482880,,
MST,1494465858,4,LIMOGES BÃ‰NÃ‰DICTINS,869105,TER,40,,,1494483240,,
MST,1494465858,5,LIMOGES BÃ‰NÃ‰DICTINS,869107,TER,40,,,1494501240,,
MST,1494465858,6,BRIVE LA GAILLARDE,869108,TER,40,,,1494501960,,
MST,1494465858,7,LIMOGES BÃ‰NÃ‰DICTINS,869109,TER,40,,,1494513960,,
MST,1494465858,8,LIMOGES BÃ‰NÃ‰DICTINS,869111,TER,40,,,1494517560,,
MST,1494465858,9,BRIVE LA GAILLARDE,869112,TER,40,,,1494519180,,
MST,1494465858,10,LIMOGES BÃ‰NÃ‰DICTINS,869113,TER,40,,,1494521160,,
MST,1494465858,11,BRIVE LA GAILLARDE,869114,TER,40,,,1494522780,,
MST,1494465858,12,LIMOGES BÃ‰NÃ‰DICTINS,869115,TER,40,,,1494524940,,
MST,1494465858,13,BRIVE LA GAILLARDE,869116,TER,40,,,1494528300,,
MIA,1494465457,1,ARVANT,31121,BUS,10,I,,1494478320,,
MIA,1494465457,2,ST FLOUR,31204,BUS,10,I,,1494478560,,
MIA,1494465457,3,AURILLAC,873800,TER,40,I,,1494479040,,
MIA,1494465457,4,ARVANT,31203,BUS,10,I,,1494482280,,
MIA,1494465457,5,AURILLAC,31122,BUS,10,I,,1494485880,,
MIA,1494465457,6,ST FLOUR,31214,BUS,10,I,,1494494880,,
MIA,1494465457,7,AURILLAC,873804,TER,40,I,,1494495360,,
MIA,1494465457,8,CLERMONT FD,871209,TER,40,I,,1494495420,,
MIA,1494465457,9,CLERMONT FD,15941,INTERCITES,73,I,,1494504540,,
MIA,1494465457,10,NEUSSARGUES,15940,INTERCITES,73,I,,1494507420,,
MIA,1494465457,11,ST FLOUR,31208,BUS,10,I,,1494517320,,
MIA,1494465457,12,AURILLAC,871206,TER,40,I,,1494517980,,
MIA,1494465457,13,CLERMONT FD,873803,TER,40,I,,1494518160,,
MIA,1494465457,14,ST FLOUR,31210,BUS,10,I,,1494521400,,
MIA,1494465457,15,CLERMONT FD,873807,TER,40,I,,1494521820,,
MIA,1494465457,16,AURILLAC,873810,TER,40,I,,1494522000,,
MIA,1494465457,17,CLERMONT FD,873809,TER,40,I,,1494524940,,
MIA,1494465457,18,AURILLAC,873812,TER,40,I,,1494527520,,
MIA,1494465457,19,CLERMONT FD,873811,TER,40,I,,1494529980,,
MPW,1494466010,1,PARIS MONTP.,8403,TGV,30,I,,1494477900,,
MPW,1494466010,2,PARIS MONTP.,8903,TGV,30,I,,1494478620,,
MPW,1494466010,3,NANTES,5300,TGV,30,I,,1494480300,,
MPW,1494466010,4,PARIS MONTP.,8807,TGV,30,I,,1494480360,,
MPW,1494466010,5,PARIS MONTP.,8081,TGV,30,I,,1494481200,,
MPW,1494466010,6,RENNES,5254,TGV,30,I,,1494483840,,
MPW,1494466010,7,NANTES,5252,TGV,30,I,,1494483840,,
MPW,1494466010,8,LYON PERR.,5353,TGV,30,I,,1494484440,,
MPW,1494466010,9,LILLE EUROPE,5201,TGV,30,I,,1494486240,,
MPW,1494466010,10,NANTES,5338,TGV,30,I,,1494487440,,
MPW,1494466010,11,RENNES,5336,TGV,30,I,,1494487440,,
MPW,1494466010,12,NANTES,5478,TGV,30,I,,1494489000,,
MPW,1494466010,13,STRASBOURG,5487,TGV,30,I,,1494489780,,
MPW,1494466010,14,STRASBOURG,5471,TGV,30,I,,1494489780,,
MPW,1494466010,15,LE HAVRE,5316,TGV,30,I,,1494490860,,
MPW,1494466010,16,TOURCOING,7633,OUIGO,39,I,,1494491640,,
MPW,1494466010,17,BORDEAUX,5441,TGV,30,I,,1494492780,,
MPW,1494466010,18,BORDEAUX,5261,TGV,30,I,,1494492780,,
MPW,1494466010,19,STRASBOURG,5451,TGV,30,I,,1494493380,,
MPW,1494466010,20,LILLE EUROPE,5202,TGV,30,I,,1494493380,,
MHW,1494465551,1,SELESTAT,831300,TER,40,,B,1494472980,,
MHW,1494465551,2,SELESTAT,831302,TER,40,,B,1494476400,,
MHW,1494465551,3,SELESTAT,831304,TER,40,,B,1494478080,,
MHW,1494465551,4,SELESTAT,831308,TER,40,,B,1494480180,,
MHW,1494465551,5,STRASBOURG,831305,TER,40,,C,1494480540,,
MHW,1494465551,6,SELESTAT,831312,TER,40,,B,1494481980,,
MHW,1494465551,7,SELESTAT,831316,TER,40,,B,1494483780,,
MHW,1494465551,8,COLMAR,831318,TER,40,,B,1494485580,,
MHW,1494465551,9,STRASBOURG,831319,TER,40,,A,1494499620,,
MHW,1494465551,10,SELESTAT,831324,TER,40,,B,1494499920,,
MHW,1494465551,11,STRASBOURG,831325,TER,40,,C,1494512580,,
MHW,1494465551,12,SELESTAT,831330,TER,40,,B,1494514380,,
MHW,1494465551,13,SELESTAT,831332,TER,40,,B,1494516180,,
MHW,1494465551,14,STRASBOURG,831331,TER,40,,C,1494516540,,
MHW,1494465551,15,SELESTAT,831336,TER,40,,B,1494517920,,
MHW,1494465551,16,STRASBOURG,831335,TER,40,,C,1494518340,,
MHW,1494465551,17,SELESTAT,831340,TER,40,,B,1494519780,,
MHW,1494465551,18,STRASBOURG,831339,TER,40,,C,1494520140,,
MHW,1494465551,19,STRASBOURG,831343,TER,40,,C,1494522060,,
MHW,1494465551,20,STRASBOURG,831347,TER,40,,A,1494524820,,
MBG,1494465442,1,JEUMONT,841800,TER,40,I,,1494471240,,
MBG,1494465442,2,AULNOYE,841801,TER,40,I,,1494472920,,
MBG,1494465442,3,JEUMONT,841802,TER,40,I,,1494473640,,
MBG,1494465442,4,JEUMONT,841852,TER,40,I,,1494474960,,
MBG,1494465442,5,AULNOYE,841803,TER,40,I,,1494475980,,
MBG,1494465442,6,JEUMONT,841804,TER,40,I,,1494477300,,
MBG,1494465442,7,JEUMONT,841702,TER,40,I,,1494477960,,
MBG,1494465442,8,BUSIGNY,841701,TER,40,I,,1494478440,,
MBG,1494465442,9,JEUMONT,841806,TER,40,I,,1494478500,,
MBG,1494465442,10,AULNOYE,841841,TER,40,I,,1494480240,,
MBG,1494465442,11,JEUMONT,841808,TER,40,I,,1494480900,,
MBG,1494465442,12,BUSIGNY,841703,TER,40,I,,1494482040,,
MBG,1494465442,13,JEUMONT,841810,TER,40,I,,1494482160,,
MBG,1494465442,14,BUSIGNY,841705,TER,40,I,,1494483840,,
MBG,1494465442,15,LILLE,841807,TER,40,I,,1494484200,,
MBG,1494465442,16,JEUMONT,841812,TER,40,I,,1494484440,,
MBG,1494465442,17,JEUMONT,841814,TER,40,I,,1494485760,,
MBG,1494465442,18,PARIS NORD,2301,INTERCITES,73,I,,1494486900,,
MBG,1494465442,19,JEUMONT,46084,BUS,10,I,,1494488520,,
MBG,1494465442,20,AULNOYE,841707,TER,40,I,,1494489240,,
MEL,1494465544,1,LAROCHE-MIG.,891000,TER,40,,2,1494474060,,
MEL,1494465544,2,MONTEREAU,151504,TRANSILIEN,60,,2B,1494474720,,
MEL,1494465544,3,MONTARGIS,151910,TRANSILIEN,60,,2,1494474900,,
MEL,1494465544,4,MONTEREAU,152920,TRANSILIEN,60,,2,1494475920,,
MEL,1494465544,5,MONTEREAU,151508,TRANSILIEN,60,,2C,1494476580,,
MEL,1494465544,6,MONTARGIS,151914,TRANSILIEN,60,,2,1494476820,,
MEL,1494465544,7,P.LYON-B,153401,TRANSILIEN,60,,1B,1494476880,,
MEL,1494465544,8,P.LYON-B COE,157601,TRANSILIEN,60,,1C,1494477540,,
MEL,1494465544,9,MONTEREAU,152924,TRANSILIEN,60,,2,1494477660,,
MEL,1494465544,10,PARIS-LYON,151805,TRANSILIEN,60,,1,1494477840,,
MEL,1494465544,11,MONTEREAU,151510,TRANSILIEN,60,,2C,1494478320,,
MEL,1494465544,12,MONTARGIS,151916,TRANSILIEN,60,,2,1494478620,,
MEL,1494465544,13,P.LYON-B,153403,TRANSILIEN,60,,1B,1494478680,,
MEL,1494465544,14,P.LYON-B COE,157921,TRANSILIEN,60,,1C,1494478980,,
MEL,1494465544,15,LAROCHE-MIG.,891006,TER,40,,2,1494479520,,
MEL,1494465544,16,P.LYON-B,153117,TRANSILIEN,60,,1B,1494479580,,
MEL,1494465544,17,PARIS-LYON,891001,TER,40,,1,1494479700,,
MEL,1494465544,18,P.LYON-B COE,157923,TRANSILIEN,60,,1C,1494479880,,
MEL,1494465544,19,MONTEREAU,151514,TRANSILIEN,60,,2C,1494480180,,
MEL,1494465544,20,MONTARGIS,151920,TRANSILIEN,60,,2,1494480300,,
MDE,1494465508,1,MARVEJOLS,423111,BUS,10,,,1494481680,,
MDE,1494465508,2,MARVEJOLS,34253,BUS,10,,,1494484020,,
MDE,1494465508,3,MARVEJOLS,34240,BUS,10,,,1494491700,,
MDE,1494465508,4,LA BASTIDE,34258,BUS,10,,,1494493860,,
MDE,1494465508,5,CLERMONT FD,34229,BUS,10,,,1494502800,,
MDE,1494465508,6,MARVEJOLS,34257,BUS,10,,,1494505500,,
MDE,1494465508,7,ALES,423112,BUS,10,,,1494511680,,
MDE,1494465508,8,LE PUY EN V,34241,BUS,10,,,1494512100,,
MDE,1494465508,9,LA BASTIDE,34072,BUS,10,,,1494516000,,
MDE,1494465508,10,CLERMONT FD,34221,BUS,10,,,1494524700,,
MDE,1494465508,11,ALES,423120,BUS,10,,,1494532860,,
MDE,1494465508,12,CLERMONT FD,34223,BUS,10,,,1494455700,,
MEN,1494466001,1,VENTIMIGLIA,86000,TER,40,,1B,1494473640,,
MEN,1494466001,2,NICE VILLE,86001,TER,40,,1,1494475620,,
MEN,1494466001,3,VENTIMIGLIA,86002,TER,40,,2,1494476640,,
MEN,1494466001,4,CANNES BOCCA,86003,TER,40,,1,1494477540,,
MEN,1494466001,5,VENTIMIGLIA,86004,TER,40,,2,1494478080,,
MEN,1494466001,6,NICE VILLE,881101,TER,40,,1B,1494478140,,
MEN,1494466001,7,CANNES BOCCA,86005,TER,40,,1,1494479100,,
MEN,1494466001,8,CANNES BOCCA,881103,TER,40,,1B,1494479700,,
MEN,1494466001,9,VENTIMIGLIA,86006,TER,40,,2,1494480300,,
MEN,1494466001,10,CANNES BOCCA,86007,TER,40,,1,1494480840,,
MEN,1494466001,11,VENTIMIGLIA,86008,TER,40,,2,1494481620,,
MEN,1494466001,12,LES ARCS,881105,TER,40,,1B,1494481800,,
MEN,1494466001,13,CANNES BOCCA,86009,TER,40,,1,1494483000,,
MEN,1494466001,14,CANNES BOCCA,881111,TER,40,,1B,1494483360,,
MEN,1494466001,15,VENTIMIGLIA,86010,TER,40,,2,1494483960,,
MEN,1494466001,16,CANNES VOY,86011,TER,40,,1B,1494484860,,
MEN,1494466001,17,VENTIMIGLIA,86012,TER,40,,2,1494485340,,
MEN,1494466001,18,MARSEILLE,86091,TER,40,,1,1494485400,,
MEN,1494466001,19,VENTIMIGLIA,86014,TER,40,,2,1494486360,,
MEN,1494466001,20,CANNES BOCCA,86013,TER,40,,1,1494486660,,
MLX,1494465881,1,LATOUR DE CAROL ENVEITG,871482,TER,40,,,1494475560,,
MLX,1494465881,2,LATOUR DE CAROL ENVEITG,871484,TER,40,,,1494482700,,
MLX,1494465881,3,TOULOUSE MATABIAU,13981,INTERCITES,73,,,1494486120,,
MLX,1494465881,4,PARIS AUSTERLITZ,3981,LUNEA,73,,,1494486120,,
MLX,1494465881,5,TOULOUSE MATABIAU,871473,TER,40,,,1494493140,,
MLX,1494465881,6,TOULOUSE MATABIAU,871475,TER,40,,,1494500520,,
MLX,1494465881,7,LATOUR DE CAROL ENVEITG,871476,TER,40,,,1494504300,,
MLX,1494465881,8,TOULOUSE MATABIAU,871477,TER,40,,,1494514920,,
MLX,1494465881,9,LATOUR DE CAROL ENVEITG,871478,TER,40,,,1494518700,,
MLX,1494465881,10,TOULOUSE MATABIAU,871479,TER,40,,,1494522120,,
MLX,1494465881,11,LATOUR DE CAROL ENVEITG,13980,INTERCITES,73,,,1494525960,,
MLX,1494465881,12,LATOUR DE CAROL ENVEITG,3980,LUNEA,73,,,1494525960,,
MLX,1494465881,13,TOULOUSE MATABIAU,871481,TER,40,,,1494529320,,
MWE,1494465508,1,LISLE JOURDA,870400,TER,40,,A,1494476460,,
MWE,1494465508,2,TOULOUSE,870401,TER,40,,A,1494477480,,
MWE,1494465508,3,AUCH,870300,TER,40,,A,1494478260,,
MWE,1494465508,4,TOULOUSE,870301,TER,40,,A,1494479220,,
MWE,1494465508,5,LISLE JOURDA,870402,TER,40,,A,1494480060,,
MWE,1494465508,6,TOULOUSE,870403,TER,40,,A,1494481080,,
MWE,1494465508,7,TOULOUSE,870303,TER,40,,A,1494482820,,
MWE,1494465508,8,LISLE JOURDA,870404,TER,40,,A,1494483660,,
MWE,1494465508,9,TOULOUSE,870405,TER,40,,A,1494484680,,
MWE,1494465508,10,AUCH,870304,TER,40,,A,1494485460,,
MWE,1494465508,11,TOULOUSE,870407,TER,40,,A,1494486480,,
MWE,1494465508,12,LISLE JOURDA,870406,TER,40,,A,1494487260,,
MWE,1494465508,13,LISLE JOURDA,870408,TER,40,,A,1494490860,,
MWE,1494465508,14,TOULOUSE,870409,TER,40,,A,1494491880,,
MWE,1494465508,15,ST CYPRIEN,870305,TER,40,,A,1494493620,,
MWE,1494465508,16,LISLE JOURDA,870410,TER,40,,A,1494498060,,
MWE,1494465508,17,ST CYPRIEN,870411,TER,40,,A,1494499080,,
MWE,1494465508,18,TOULOUSE,870307,TER,40,,A,1494500820,,
MWE,1494465508,19,LISLE JOURDA,870412,TER,40,,A,1494501660,,
MWE,1494465508,20,TOULOUSE,870413,TER,40,,A,1494502680,,
MSJ,1494465868,1,NANCY,836201,TER,40,,1,1494475800,,
MSJ,1494465868,2,PONT SAINT-VINCENT,836202,TER,40,,2,1494478200,,
MSJ,1494465868,3,NANCY,836203,TER,40,,1,1494479400,,
MSJ,1494465868,4,PONT SAINT-VINCENT,836250,TER,40,,2,1494479940,SUP,
MSJ,1494465868,5,PONT SAINT-VINCENT,836204,TER,40,,2,1494481800,,
MSJ,1494465868,6,NANCY,836205,TER,40,,1,1494483000,SUP,
MSJ,1494465868,7,PONT SAINT-VINCENT,836252,TER,40,,2,1494483600,,
MSJ,1494465868,8,PONT SAINT-VINCENT,836206,TER,40,,2,1494485400,SUP,
MSJ,1494465868,9,NANCY,836207,TER,40,,1,1494486600,,
MSJ,1494465868,10,NANCY,836253,TER,40,,1,1494488400,,
MSJ,1494465868,11,PONT SAINT-VINCENT,836208,TER,40,,2,1494489000,,
MSJ,1494465868,12,PONT SAINT-VINCENT,836254,TER,40,,2,1494490800,,
MSJ,1494465868,13,NANCY,836209,TER,40,,1,1494493800,,
MSJ,1494465868,14,PONT SAINT-VINCENT,836210,TER,40,,2,1494496200,,
MSJ,1494465868,15,PONT SAINT-VINCENT,836256,TER,40,,2,1494498000,,
MSJ,1494465868,16,NANCY,836255,TER,40,,1,1494499200,,
MSJ,1494465868,17,NANCY,836211,TER,40,,1,1494501000,,
MSJ,1494465868,18,PONT SAINT-VINCENT,836212,TER,40,,2,1494503400,,
MSJ,1494465868,19,NANCY,836213,TER,40,,1,1494504600,,
MSJ,1494465868,20,PONT SAINT-VINCENT,836214,TER,40,,2,1494507000,,
MZE,1494465391,1,LONGWY,55145,CAR,1040,,0,1494473400,,
MZE,1494465391,2,LUXEMBOURG,88701,TER,40,I,,1494476040,,
MZE,1494465391,3,FORBACH,23722,TER,40,I,,1494476280,,
MZE,1494465391,4,NANCY,837501,TER,40,I,,1494476460,,
MZE,1494465391,5,THIONVILLE,837692,TER,40,I,,1494476820,,
MZE,1494465391,6,LUXEMBOURG,88703,TER,40,I,,1494477780,,
MZE,1494465391,7,LONGWY,55183,CAR,1040,,0,1494477900,,
MZE,1494465391,8,LUXEMBOURG,2852,TGV,30,I,,1494477960,,
MZE,1494465391,9,NANCY,837503,TER,40,I,,1494478320,,
MZE,1494465391,10,THIONVILLE,837694,TER,40,I,,1494478440,,
MZE,1494465391,11,FORBACH,23724,TER,40,I,,1494478560,,
MZE,1494465391,12,NANCY,88500,TER,40,I,,1494478620,,
MZE,1494465391,13,CONFLANS J.,55437,CAR,1040,,0,1494478800,,
MZE,1494465391,14,SARREGUEMINE,834852,TER,40,I,,1494479520,,
MZE,1494465391,15,LUXEMBOURG,88705,TER,40,I,,1494479640,,
MZE,1494465391,16,NANCY,837505,TER,40,I,,1494480060,,
MZE,1494465391,17,LUXEMBOURG,2854,TGV,30,I,,1494480060,,
MZE,1494465391,18,FORBACH,23726,TER,40,I,,1494480120,,
MZE,1494465391,19,NANCY,88502,TER,40,I,,1494480420,,
MZE,1494465391,20,LUXEMBOURG,88620,TER,40,I,,1494480480,,
MZL,1494465509,1,COLMAR,831502,TER,40,,A,1494477900,,
MZL,1494465509,2,COLMAR,831506,TER,40,,A,1494479580,,
MZL,1494465509,3,COLMAR,831510,TER,40,,A,1494482040,,
MZL,1494465509,4,COLMAR,831514,TER,40,,A,1494484020,,
MZL,1494465509,5,COLMAR,831516,TER,40,,A,1494486120,,
MZL,1494465509,6,COLMAR,831522,TER,40,,A,1494490020,,
MZL,1494465509,7,COLMAR,831528,TER,40,,A,1494496020,,
MZL,1494465509,8,COLMAR,831530,TER,40,,A,1494497940,,
MZL,1494465509,9,COLMAR,831534,TER,40,,A,1494500040,,
MZL,1494465509,10,COLMAR,831546,TER,40,,A,1494512400,,
MZL,1494465509,11,COLMAR,831548,TER,40,,A,1494514380,,
MZL,1494465509,12,COLMAR,831550,TER,40,,A,1494516780,,
MZL,1494465509,13,COLMAR,831552,TER,40,,A,1494519000,,
MZL,1494465509,14,COLMAR,831558,TER,40,,A,1494521280,,
MZL,1494465509,15,COLMAR,831560,TER,40,,A,1494523260,,
MZL,1494465509,16,COLMAR,831502,TER,40,,A,1494477900,,
MZL,1494465509,17,COLMAR,831506,TER,40,,A,1494479580,,
MZL,1494465509,18,COLMAR,831510,TER,40,,A,1494482040,,
MZL,1494465509,19,COLMAR,831514,TER,40,,A,1494484020,,
MZL,1494465509,20,COLMAR,831516,TER,40,,A,1494486120,,
MGL,1494465872,1,TOURS,16800,TER,40,,2,1494475500,,
MGL,1494465872,2,BLOIS,860252,TER,40,,2,1494476940,,
MGL,1494465872,3,ORLÃ‰ANS,16803,TER,40,,1,1494478380,,
MGL,1494465872,4,TOURS,16802,TER,40,,2,1494479100,,
MGL,1494465872,5,ORLÃ‰ANS,16805,TER,40,,1,1494480120,,
MGL,1494465872,6,BLOIS,860254,TER,40,,2,1494480540,,
MGL,1494465872,7,ORLÃ‰ANS,16807,TER,40,,1,1494481980,,
MGL,1494465872,8,TOURS,16804,TER,40,,2,1494482760,,
MGL,1494465872,9,ORLÃ‰ANS,860253,TER,40,,1,1494483540,,
MGL,1494465872,10,BLOIS,860256,TER,40,,2,1494484140,,
MGL,1494465872,11,TOURS,16806,TER,40,,2,1494485520,,
MGL,1494465872,12,ORLÃ‰ANS,16809,TER,40,,1,1494485640,,
MGL,1494465872,13,TOURS,16812,TER,40,,2,1494493500,,
MGL,1494465872,14,ORLÃ‰ANS,16813,TER,40,,1,1494495960,,
MGL,1494465872,15,ORLÃ‰ANS,16817,TER,40,,1,1494500220,,
MGL,1494465872,16,TOURS,16816,TER,40,,2,1494503940,,
MGL,1494465872,17,ORLÃ‰ANS,16821,TER,40,,1,1494507180,,
MGL,1494465872,18,TOURS,16820,TER,40,,2,1494508020,,
MGL,1494465872,19,ORLÃ‰ANS,16823,TER,40,,1,1494510780,,
MGL,1494465872,20,ORLÃ‰ANS,16825,TER,40,,1,1494514380,,
TGM,1494465403,1,COMMERCY,68200,BUS,10,I,,1494479400,,
TGM,1494465403,2,BAR LE DUC,68230,BUS,10,I,,1494479400,,
TGM,1494465403,3,VERDUN,68260,BUS,10,I,,1494479400,,
TGM,1494465403,4,LUXEMBOURG,2852,TGV,30,I,,1494479820,,
TGM,1494465403,5,COMMERCY,68204,BUS,10,I,,1494484980,,
TGM,1494465403,6,BAR LE DUC,68234,BUS,10,I,,1494484980,,
TGM,1494465403,7,VERDUN,68264,BUS,10,I,,1494484980,,
TGM,1494465403,8,PARIS EST,2407,TGV,30,I,,1494485400,,
TGM,1494465403,9,COMMERCY,68206,BUS,10,I,,1494486180,,
TGM,1494465403,10,BAR LE DUC,68236,BUS,10,I,,1494486180,,
TGM,1494465403,11,VERDUN,68266,BUS,10,I,,1494486180,,
TGM,1494465403,12,PARIS EST,2503,TGV,30,I,,1494486600,,
TGM,1494465403,13,STRASBOURG,5450,TGV,30,I,,1494487080,,
TGM,1494465403,14,STRASBOURG,5422,TGV,30,I,,1494492960,,
TGM,1494465403,15,COMMERCY,68208,BUS,10,I,,1494499920,,
TGM,1494465403,16,BAR LE DUC,68238,BUS,10,I,,1494499920,,
TGM,1494465403,17,VERDUN,68268,BUS,10,I,,1494499920,,
TGM,1494465403,18,NANCY,2536,TGV,30,I,,1494500340,,
TGM,1494465403,19,COMMERCY,68210,BUS,10,I,,1494502440,,
TGM,1494465403,20,BAR LE DUC,68240,BUS,10,I,,1494502440,,
MEX,1494465470,1,AMBERIEU,49634,BUS,10,,,1494470520,,
MEX,1494465470,2,AMBERIEU,886700,TER,40,,B,1494474180,,
MEX,1494465470,3,AMBERIEU,886702,TER,40,,B,1494476100,,
MEX,1494465470,4,LYON P.DIEU,49635,BUS,10,,,1494476700,,
MEX,1494465470,5,AMBERIEU,886704,TER,40,,B,1494477780,,
MEX,1494465470,6,LONS LE S.,895810,TER,40,,B,1494479400,,
MEX,1494465470,7,AMBERIEU,886706,TER,40,,B,1494479700,,
MEX,1494465470,8,ST ETIENNE,886803,TER,40,,A,1494479700,,
MEX,1494465470,9,AMBERIEU,886708,TER,40,,B,1494481380,,
MEX,1494465470,10,ST ETIENNE,886805,TER,40,,A,1494481380,,
MEX,1494465470,11,EVIAN STGERV,96552,TER,40,,B,1494482520,,
MEX,1494465470,12,AMBERIEU,886710,TER,40,,B,1494483300,,
MEX,1494465470,13,AMBERIEU,886712,TER,40,,B,1494484980,,
MEX,1494465470,14,ST ETIENNE,886809,TER,40,,A,1494484980,,
MEX,1494465470,15,AMBERIEU,886714,TER,40,,B,1494486900,,
MEX,1494465470,16,ST ETIENNE,886865,TER,40,,A,1494492180,,
MEX,1494465470,17,AMBERIEU,886760,TER,40,,B,1494494100,,
MEX,1494465470,18,AMBERIEU,886722,TER,40,,B,1494497700,,
MEX,1494465470,19,ST ETIENNE,886869,TER,40,,A,1494499380,,
MEX,1494465470,20,AMBERIEU,886726,TER,40,,B,1494501300,,
MYC,1494465880,1,USSEL,868401,TER,40,,,1494475020,,
MYC,1494465880,2,USSEL,34675,BUS,1040,,,1494476640,,
MYC,1494465880,3,USSEL,868601,TER,40,,,1494477840,,
MYC,1494465880,4,BRIVE LA GAILLARDE,868400,TER,40,,,1494481560,,
MYC,1494465880,5,USSEL,868613,TER,40,,,1494492240,,
MYC,1494465880,6,LIMOGES BÃ‰NÃ‰DICTINS,868612,TER,40,,,1494495060,,
MYC,1494465880,7,USSEL,868411,TER,40,,,1494497760,,
MYC,1494465880,8,USSEL,868605,TER,40,,,1494498660,,
MYC,1494465880,9,BRIVE LA GAILLARDE,34678,BUS,1040,,,1494500100,,
MYC,1494465880,10,USSEL,426839,BUS,1040,,,1494502260,,
MYC,1494465880,11,BRIVE LA GAILLARDE,868902,TER,40,,,1494508200,,
MYC,1494465880,12,LIMOGES BÃ‰NÃ‰DICTINS,426828,BUS,1040,,,1494509460,,
MYC,1494465880,13,USSEL,426919,BUS,1040,,,1494513240,,
MYC,1494465880,14,USSEL,868607,TER,40,,,1494518760,,
MYC,1494465880,15,USSEL,34681,BUS,1040,,,1494518940,,
MYC,1494465880,16,BRIVE LA GAILLARDE,868404,TER,40,,,1494521040,,
MYC,1494465880,17,LIMOGES BÃ‰NÃ‰DICTINS,868602,TER,40,,,1494524220,,
MYC,1494465880,18,BRIVE LA GAILLARDE,868406,TER,40,,,1494525900,,
MYC,1494465880,19,USSEL,868407,TER,40,,,1494525960,,
MYC,1494465880,20,LIMOGES BÃ‰NÃ‰DICTINS,868604,TER,40,,,1494529680,,
MEZ,1494465458,1,CAEN,852000,TER,40,I,,1494475620,,
MEZ,1494465458,2,CAEN,857106,TER,40,I,,1494475920,,
MEZ,1494465458,3,LISIEUX,852331,TER,40,I,,1494476580,,
MEZ,1494465458,4,ARGENTAN,853707,TER,40,I,,1494478080,,
MEZ,1494465458,5,CAEN,852332,TER,40,I,,1494478440,,
MEZ,1494465458,6,LISIEUX,852383,TER,40,I,,1494479040,,
MEZ,1494465458,7,EVREUX,852301,TER,40,I,,1494479700,,
MEZ,1494465458,8,ROUEN,852031,TER,40,I,,1494480420,,
MEZ,1494465458,9,CAEN,852004,TER,40,I,,1494480600,,
MEZ,1494465458,10,CAEN,857108,TER,40,I,,1494481140,,
MEZ,1494465458,11,ALENCON,853711,TER,40,I,,1494481800,,
MEZ,1494465458,12,LISIEUX,852335,TER,40,I,,1494482640,,
MEZ,1494465458,13,CHERBOURG,852102,TER,40,I,,1494483000,,
MEZ,1494465458,14,ROUEN,852073,TER,40,I,,1494484140,,
MEZ,1494465458,15,LE MANS,857103,TER,40,I,,1494485280,,
MEZ,1494465458,16,CHERBOURG,852104,TER,40,I,,1494485580,,
MEZ,1494465458,17,LISIEUX,852337,TER,40,I,,1494486240,,
MEZ,1494465458,18,CAEN,13020,INTERCITES,73,I,,1494486780,,
MEZ,1494465458,19,LISIEUX,852339,TER,40,I,,1494489840,,
MEZ,1494465458,20,CAEN,852050,TER,40,I,,1494491640,,
MAU,1494465458,1,ST CHELY D A,34215,BUS,10,,,1494477960,,
MAU,1494465458,2,ST AFFRIQUE,34121,BUS,10,,,1494478800,,
MAU,1494465458,3,RODEZ,870121,TER,40,,3,1494481140,,
MAU,1494465458,4,RODEZ,55598,BUS,10,,,1494484500,,
MAU,1494465458,5,BEZIERS,878950,TER,40,,2,1494484500,,
MAU,1494465458,6,RODEZ,55602,BUS,10,,,1494488700,,
MAU,1494465458,7,ST AFFRIQUE,34127,BUS,10,,,1494489300,,
MAU,1494465458,8,ALBI,55556,BUS,10,,,1494494640,,
MAU,1494465458,9,BEZIERS,15942,INTERCITES,73,,2,1494494700,,
MAU,1494465458,10,MONTPELLIER,34128,BUS,10,,,1494496200,,
MAU,1494465458,11,ST CHELY D A,34215,BUS,10,,,1494477960,,
MAU,1494465458,12,ST AFFRIQUE,34121,BUS,10,,,1494478800,,
MAU,1494465458,13,RODEZ,870121,TER,40,,3,1494481140,,
MAU,1494465458,14,RODEZ,55598,BUS,10,,,1494484500,,
MAU,1494465458,15,BEZIERS,878950,TER,40,,2,1494484500,,
MAU,1494465458,16,RODEZ,55602,BUS,10,,,1494488700,,
MAU,1494465458,17,ST AFFRIQUE,34127,BUS,10,,,1494489300,,
MAU,1494465458,18,ALBI,55556,BUS,10,,,1494494640,,
MAU,1494465458,19,BEZIERS,15942,INTERCITES,73,,2,1494494700,,
MAU,1494465458,20,MONTPELLIER,34128,BUS,10,,,1494496200,,
MYH,1494465552,1,SERQUEUX,847500,TER,40,,2,1494477900,,
MYH,1494465552,2,LE TREPORT,847502,TER,40,,2,1494479640,,
MYH,1494465552,3,ABANCOURT,847508,TER,40,,2,1494481320,,
MYH,1494465552,4,BEAUVAIS,847503,TER,40,,1,1494482100,,
MYH,1494465552,5,ABANCOURT,38402,TER,40,,,1494486120,,
MYH,1494465552,6,BEAUVAIS,847509,TER,40,,1,1494499740,,
MYH,1494465552,7,LE TREPORT,847514,TER,40,,2,1494502920,,
MYH,1494465552,8,BEAUVAIS,847511,TER,40,,1,1494515160,,
MYH,1494465552,9,ABANCOURT,38406,TER,40,,,1494517140,,
MYH,1494465552,10,BEAUVAIS,847513,TER,40,,1,1494519300,,
MYH,1494465552,11,BEAUVAIS,38405,TER,40,,,1494521580,,
MYH,1494465552,12,LE TREPORT,847518,TER,40,,2,1494522480,,
MYH,1494465552,13,BEAUVAIS,38407,TER,40,,,1494523020,,
MYH,1494465552,14,BEAUVAIS,847525,TER,40,,1,1494525960,,
MIO,1494465509,1,BOURG,889403,TER,40,,A,1494476280,,
MIO,1494465509,2,LYON PERR.,889402,TER,40,,B,1494477600,,
MIO,1494465509,3,BOURG,889405,TER,40,,A,1494478080,,
MIO,1494465509,4,BOURG,889409,TER,40,,A,1494479880,,
MIO,1494465509,5,LYON PERR.,889404,TER,40,,B,1494481200,,
MIO,1494465509,6,VILLARS,887403,TER,40,,A,1494481740,,
MIO,1494465509,7,BOURG,889415,TER,40,,A,1494483480,,
MIO,1494465509,8,LYON PERR.,889406,TER,40,,B,1494484800,,
MIO,1494465509,9,BOURG,889419,TER,40,,A,1494487080,,
MIO,1494465509,10,LYON PERR.,889410,TER,40,,B,1494492000,,
MIO,1494465509,11,BOURG,889423,TER,40,,A,1494494280,,
MIO,1494465509,12,LYON PERR.,889416,TER,40,,B,1494495600,,
MIO,1494465509,13,BOURG,889425,TER,40,,A,1494497880,,
MIO,1494465509,14,LYON PERR.,889418,TER,40,,B,1494499500,,
MIO,1494465509,15,BOURG,889427,TER,40,,A,1494501480,,
MIO,1494465509,16,LYON PERR.,889420,TER,40,,B,1494502800,,
MIO,1494465509,17,BOURG,889429,TER,40,,A,1494505080,,
MIO,1494465509,18,LYON PERR.,889428,TER,40,,B,1494506400,,
MIO,1494465509,19,BOURG,889431,TER,40,,A,1494508680,,
MIO,1494465509,20,LYON PERR.,889430,TER,40,,B,1494510000,,
MAS,1494465406,1,AVIGNON,879503,TER,40,,1,1494476220,,
MAS,1494465406,2,MARSEILLE,876510,TER,40,,2,1494477120,,
MAS,1494465406,3,AVIGNON,879601,TER,40,,C,1494477300,,
MAS,1494465406,4,BEZIERS,876501,TER,40,,1,1494478200,,
MAS,1494465406,5,MARSEILLE,879504,TER,40,,2,1494479400,,
MAS,1494465406,6,AVIGNON,879511,TER,40,,1,1494479940,,
MAS,1494465406,7,AVIGNON,879609,TER,40,,C,1494480180,,
MAS,1494465406,8,MARSEILLE,17706,TER,40,,2,1494480480,,
MAS,1494465406,9,MARSEILLE,879604,TER,40,,C,1494480900,,
MAS,1494465406,10,MARSEILLE,879708,TER,40,,D,1494481680,,
MAS,1494465406,11,MARSEILLE,876512,TER,40,,2,1494481740,,
MAS,1494465406,12,NARBONNE,876503,TER,40,,1,1494481800,,
MAS,1494465406,13,AVIGNON,879611,TER,40,,C,1494482040,,
MAS,1494465406,14,MARSEILLE,879506,TER,40,,2,1494482580,,
MAS,1494465406,15,VALENCE,886171,TER,40,,1,1494482880,,
MAS,1494465406,16,TOULON,881700,TER,40,,2,1494483600,,
MAS,1494465406,17,AVIGNON,879613,TER,40,,C,1494483720,,
MAS,1494465406,18,MARSEILLE,879102,TER,40,,B,1494484500,,
MAS,1494465406,19,VALENCE,886175,TER,40,,1,1494484920,,
MAS,1494465406,20,MARSEILLE,879712,TER,40,,D,1494485280,,
MIB,1494465478,1,AMBERIEU,886700,TER,40,,B,1494475560,,
MIB,1494465478,2,AMBERIEU,886702,TER,40,,B,1494477420,,
MIB,1494465478,3,ST ETIENNE C,886803,TER,40,,A,1494478320,,
MIB,1494465478,4,AMBERIEU,886704,TER,40,,B,1494479160,,
MIB,1494465478,5,ST ETIENNE C,886805,TER,40,,A,1494480000,,
MIB,1494465478,6,AMBERIEU,886706,TER,40,,B,1494481020,,
MIB,1494465478,7,AMBERIEU,886708,TER,40,,B,1494482760,,
MIB,1494465478,8,ST ETIENNE C,886809,TER,40,,A,1494483600,,
MIB,1494465478,9,AMBERIEU,886710,TER,40,,B,1494484620,,
MIB,1494465478,10,AMBERIEU,886712,TER,40,,B,1494486300,,
MIB,1494465478,11,AMBERIEU,886714,TER,40,,B,1494488220,,
MIB,1494465478,12,ST ETIENNE C,886865,TER,40,,A,1494490800,,
MIB,1494465478,13,AMBERIEU,886760,TER,40,,B,1494495480,,
MIB,1494465478,14,ST ETIENNE C,886869,TER,40,,A,1494498000,,
MIB,1494465478,15,AMBERIEU,886722,TER,40,,B,1494499080,,
MIB,1494465478,16,ST ETIENNE C,886823,TER,40,,A,1494501600,,
MIB,1494465478,17,AMBERIEU,886726,TER,40,,B,1494502680,,
MIB,1494465478,18,ST ETIENNE C,886827,TER,40,,A,1494505200,,
MIB,1494465478,19,AMBERIEU,886728,TER,40,,B,1494506280,,
MIB,1494465478,20,ST ETIENNE C,886871,TER,40,,A,1494508800,,
MOD,1494465406,1,CHAMBERY,883301,TER,40,,C,1494482100,,
MOD,1494465406,2,CHAMBERY,883305,TER,40,,C,1494485700,,
MOD,1494465406,3,MILANO G.,9240,TGV,30,,A,1494486300,,
MOD,1494465406,4,CHAMBERY,49845,BUS,10,,,1494491640,,
MOD,1494465406,5,PARIS LYON,9241,TGV,30,,A,1494492300,,
MOD,1494465406,6,MILANO G.,9244,LYRIA,35,,A,1494495840,,
MOD,1494465406,7,CHAMBERY,883309,TER,40,,A,1494500400,,
MOD,1494465406,8,CHAMBERY,883313,TER,40,,C,1494503880,,
MOD,1494465406,9,PARIS LYON,9247,TGV,30,,A,1494507000,,
MOD,1494465406,10,CHAMBERY,883321,TER,40,,C,1494511440,,
MOD,1494465406,11,MILANO G.,9248,TGV,30,,A,1494517620,,
MOD,1494465406,12,LYON P DIEU,17925,TER,40,,C,1494518100,,
MOD,1494465406,13,ST JEAN MNE,49971,BUS,10,,,1494519660,,
MOD,1494465406,14,PARIS LYON,9249,LYRIA,35,,A,1494521220,,
MOD,1494465406,15,CHAMBERY,883329,TER,40,,C,1494522180,,
MOD,1494465406,16,CHAMBERY,883333,TER,40,,C,1494525300,,
