gare,agence,numTrain,dateTrain,typeTrain,dateHeure1erAffichageVoie,delaiAffichageVoieHorsRetard,delaiAffichageVoieRetardCompris,instantAffichageHorsRetard,instantAffichageRetardCompris,dernierRetardAffiche,nbrRetardsConfirmes,nbDevoiementsTotal,nbDevoiementsAffiches,nbDevoiementsNonAffiches
RDF,1494469010,2,CALAIS,842683,TER,40,,4,1494475440,,
RDF,1494469010,3,AMIENS,848838,TER,40,,2,1494476100,,
RDF,1494469010,4,PARIS NORD (*),7229,TGV,30,,4,1494477000,,
RDF,1494469010,5,PARIS NORD (*),2008,INTERCITES,73,,2,1494478800,,
RDF,1494469010,6,LILLE EUROPE,67536,TER,40,,4,1494479640,,
RDF,1494469010,7,PARIS NORD (*),7537,TGV,30,,4,1494479640,,
RDF,1494469010,8,CALAIS,848801,TER,40,,1,1494480300,,
RDF,1494469010,9,AMIENS,848842,TER,40,,2,1494483300,,
RDF,1494469010,10,CALAIS,848803,TER,40,,1,1494483840,,
RDF,1494469010,11,BOULOGNE,2005,INTERCITES,73,,1,1494488760,,
RDF,1494469010,12,PARIS NORD (*),2014,INTERCITES,73,,2,1494490740,,
RDF,1494469010,13,AMIENS,848818,TER,40,,2,1494493860,,
RDF,1494469010,14,LILLE EUROPE,67572,TER,40,,4,1494509220,,
RDF,1494469010,15,PARIS NORD (*),7573,TGV,30,,4,1494509220,,
RDF,1494469010,16,ETAPLES-LE TOUQUET,447633,BUS,1040,,,1494509280,,
RDF,1494469010,17,AMIENS,848852,TER,40,,2,1494512100,,
RDF,1494469010,18,PARIS NORD (*),2030,INTERCITES,73,,2,1494515820,,
RDF,1494469010,19,CALAIS,842651,TER,40,,4,1494515880,,
RDF,1494469010,20,CALAIS,848823,TER,40,,1,1494517620,,
RCS,1494468227,1,GIERES,885401,TER,40,,B,1494474120,,
RCS,1494468227,2,LYON PERRACH,885300,TER,40,,A,1494475200,,
RCS,1494468227,3,CHAMBERY,885755,TER,40,,B,1494477060,,
RCS,1494468227,4,ST ANDRE L.G,885450,TER,40,,A,1494478260,,
RCS,1494468227,5,GIERES,885403,TER,40,,B,1494478560,,
RCS,1494468227,6,CHAMBERY,885757,TER,40,,B,1494479280,,
RCS,1494468227,7,CHAMBERY,885759,TER,40,,B,1494480660,,
RCS,1494468227,8,GIERES,885405,TER,40,,B,1494482160,,
RCS,1494468227,9,RIVES,885452,TER,40,,A,1494482640,,
RCS,1494468227,10,GIERES,885409,TER,40,,B,1494482880,,
RCS,1494468227,11,RIVES,885710,TER,40,,A,1494484080,,
RCS,1494468227,12,GIERES,885411,TER,40,,B,1494484380,,
RCS,1494468227,13,ST ANDRE L.G,885712,TER,40,,A,1494485520,,
RCS,1494468227,14,GRENOBLE,885413,TER,40,,B,1494486480,,
RCS,1494468227,15,GIERES,885415,TER,40,,B,1494489360,,
RCS,1494468227,16,RIVES,885716,TER,40,,A,1494491280,,
RCS,1494468227,17,CHAMBERY,885763,TER,40,,B,1494493680,,
RCS,1494468227,18,RIVES,885456,TER,40,,A,1494498480,,
RCS,1494468227,19,ST ANDRE L.G,885458,TER,40,,A,1494499860,,
RCS,1494468227,20,GIERES,885419,TER,40,,B,1494500160,,
RDG,1494468367,1,STRASBOURG,830103,TER,40,,C,1494473940,,
RDG,1494468367,2,STRASBOURG,830107,TER,40,,C,1494476520,,
RDG,1494468367,3,STRASBOURG,835011,TER,40,,C,1494478860,,
RDG,1494468367,4,STRASBOURG,830301,TER,40,,C,1494480540,,
RDG,1494468367,5,METZ,830300,TER,40,,B,1494480660,,
RDG,1494468367,6,METZ,830302,TER,40,,B,1494484080,,
RDG,1494468367,7,STRASBOURG,835015,TER,40,,C,1494486060,,
RDG,1494468367,8,STRASBOURG,830303,TER,40,,C,1494490980,,
RDG,1494468367,9,NANCY,835016,TER,40,,B,1494493200,,
RDG,1494468367,10,METZ,830304,TER,40,,B,1494498540,,
RDG,1494468367,11,METZ,830306,TER,40,,B,1494502140,,
RDG,1494468367,12,SARREBOURG,830118,TER,40,,B,1494503940,,
RDG,1494468367,13,STRASBOURG,830305,TER,40,,C,1494505800,,
RDG,1494468367,14,STRASBOURG,835021,TER,40,,C,1494507660,,
RDG,1494468367,15,STRASBOURG,830129,TER,40,,C,1494510900,,
RDG,1494468367,16,SARREBOURG,830122,TER,40,,B,1494511500,,
RDG,1494468367,17,STRASBOURG,830133,TER,40,,C,1494512580,,
RDG,1494468367,18,STRASBOURG,835023,TER,40,,C,1494514860,,
RDG,1494468367,19,METZ,830316,TER,40,,B,1494516480,,
RDG,1494468367,20,STRASBOURG,830307,TER,40,,C,1494516720,,
RDN,1494468201,1,PARIS MP,8706,TGV,30,I,,1494474840,,
RDN,1494468201,2,RENNES,856102,TER,40,I,,1494475920,,
RDN,1494468201,3,ST NAZAIRE,858400,TER,40,I,,1494476400,,
RDN,1494468201,4,RENNES,856104,TER,40,I,,1494477360,,
RDN,1494468201,5,QUIMPER,856401,TER,40,I,,1494477480,,
RDN,1494468201,6,NANTES,858200,TER,40,I,,1494478080,,
RDN,1494468201,7,QUIMPER,858201,TER,40,I,,1494479520,,
RDN,1494468201,8,RENNES,856602,TER,40,I,,1494479580,,
RDN,1494468201,9,RENNES,856608,TER,40,I,,1494480300,,
RDN,1494468201,10,LORIENT,856603,TER,40,I,,1494480900,,
RDN,1494468201,11,RENNES,856606,TER,40,I,,1494481500,,
RDN,1494468201,12,NANTES,856606,TER,40,I,,1494481500,,
RDN,1494468201,13,NANTES,858254,TER,40,I,,1494481800,,
RDN,1494468201,14,RENNES,858300,TER,40,I,,1494481980,,
RDN,1494468201,15,QUIMPER,856609,TER,40,I,,1494482520,,
RDN,1494468201,16,LORIENT,856411,TER,40,I,,1494483300,,
RDN,1494468201,17,PARIS MP,8718,TGV,30,I,,1494483600,,
RDN,1494468201,18,NANTES,858238,TER,40,I,,1494485460,,
RDN,1494468201,19,RENNES,856616,TER,40,I,,1494486420,,
RDN,1494468201,20,LILLE,5272,TGV,30,I,,1494487320,,
RGY,1494468320,1,LYON PERR.,889653,TER,40,,A,1494475200,,
RGY,1494468320,2,LYON PERR.,889655,TER,40,,A,1494478800,,
RGY,1494468320,3,ROANNE,889652,TER,40,,B,1494480120,,
RGY,1494468320,4,ROANNE,889654,TER,40,,B,1494484260,,
RGY,1494468320,5,LYON PERR.,889667,TER,40,,A,1494500400,,
RGY,1494468320,6,ROANNE,889660,TER,40,,B,1494504060,,
RGY,1494468320,7,LYON PERR.,886619,TER,40,,A,1494507600,,
RGY,1494468320,8,ROANNE,886612,TER,40,,B,1494508920,,
RGY,1494468320,9,LYON PERR.,886621,TER,40,,A,1494514800,,
RGY,1494468320,10,LYON PERR.,889677,TER,40,,A,1494518400,,
RGY,1494468320,11,ROANNE,889666,TER,40,,B,1494518460,,
RGY,1494468320,12,LYON PERR.,889675,TER,40,,A,1494522000,,
RGY,1494468320,13,ROANNE,889668,TER,40,,B,1494522060,,
RGY,1494468320,14,ROANNE,889670,TER,40,,B,1494525660,,
RGY,1494468320,15,LYON P.DIEU,39641,BUS,10,,,1494525900,,
RGY,1494468320,16,ROANNE,889674,TER,40,,B,1494529260,,
REI,1494468228,1,ANNECY,39502,BUS,10,,,1494473700,,
REI,1494468228,2,LYON P. DIEU,96552,TER,40,,A,1494475140,,
REI,1494468228,3,ANNECY,884250,TER,40,,A,1494477780,,
REI,1494468228,4,BELLEGARDE,884650,TER,40,,B,1494478800,,
REI,1494468228,5,ST GERVAIS,884601,TER,40,,A,1494478860,,
REI,1494468228,6,ANNEMASSE,884201,TER,40,,A,1494479760,,
REI,1494468228,7,ANNEMASSE,39505,BUS,10,,,1494482820,,
REI,1494468228,8,ANNECY,884254,TER,40,,A,1494484980,,
REI,1494468228,9,BELLEGARDE,884654,TER,40,,B,1494486000,,
REI,1494468228,10,ST GERVAIS,884605,TER,40,,A,1494486060,,
REI,1494468228,11,BELLEGARDE,884662,TER,40,,B,1494493200,,
REI,1494468228,12,ST GERVAIS,884609,TER,40,,A,1494493260,,
REI,1494468228,13,ANNEMASSE,884205,TER,40,,A,1494494160,,
REI,1494468228,14,ANNECY,884258,TER,40,,A,1494499380,,
REI,1494468228,15,BELLEGARDE,884666,TER,40,,B,1494500400,,
REI,1494468228,16,ST GERVAIS,884617,TER,40,,A,1494500460,,
REI,1494468228,17,BELLEGARDE,884668,TER,40,,B,1494507600,,
REI,1494468228,18,ST GERVAIS,884621,TER,40,,A,1494507660,,
REI,1494468228,19,ANNEMASSE,884209,TER,40,,A,1494508560,,
REI,1494468228,20,ANNECY,884262,TER,40,,A,1494513780,,
RMS,1494468201,1,EPERNAY,839900,TER,40,I,,1494471120,,
RMS,1494468201,2,NANCY VILLE,839402,TER,40,I,,1494474720,,
RMS,1494468201,3,FISMES,839200,TER,40,I,,1494476100,,
RMS,1494468201,4,SEDAN,838431,TER,40,I,,1494477060,,
RMS,1494468201,5,CHALONS EN C,839663,TER,40,I,,1494477360,,
RMS,1494468201,6,LAON,839600,TER,40,I,,1494477600,,
RMS,1494468201,7,PARIS EST,2706,TGV,30,I,,1494477900,,
RMS,1494468201,8,CHARLEVILLE,838331,TER,40,I,,1494478260,,
RMS,1494468201,9,CHALONS EN C,839904,TER,40,I,,1494478320,,
RMS,1494468201,10,CHAMP AR TGV,840800,TER,40,I,,1494478500,,
RMS,1494468201,11,LAON,839620,TER,40,I,,1494479400,,
RMS,1494468201,12,EPERNAY,839906,TER,40,I,,1494480120,,
RMS,1494468201,13,DIJON VILLE,839803,TER,40,I,,1494480480,,
RMS,1494468201,14,FISMES,839202,TER,40,I,,1494480600,,
RMS,1494468201,15,CHAMP AR TGV,840600,TER,40,I,,1494480720,,
RMS,1494468201,16,PARIS EST,2712,TGV,30,I,,1494481500,,
RMS,1494468201,17,CHARLEVILLE,838303,TER,40,I,,1494481860,,
RMS,1494468201,18,EPERNAY,839952,TER,40,I,,1494481920,,
RMS,1494468201,19,CHAMP AR TGV,840526,TER,40,I,,1494482400,,
RMS,1494468201,20,CHALONS EN C,839665,TER,40,I,,1494483000,,
RMT,1494468667,1,NANCY,835800,TER,40,,A,1494472260,,
RMT,1494468667,2,PARIS EST,2574,TGV,30,I,,1494475200,,
RMT,1494468667,3,NANCY,835802,TER,40,I,,1494476100,,
RMT,1494468667,4,NANCY,835804,TER,40,I,,1494479460,,
RMT,1494468667,5,LA BRESSE,55235,BUS,10,I,,1494482400,,
RMT,1494468667,6,BUSSANG,55237,BUS,10,I,,1494482400,,
RMT,1494468667,7,NANCY,835806,TER,40,I,,1494483060,,
RMT,1494468667,8,NANCY,835808,TER,40,I,,1494486660,,
RMT,1494468667,9,BUSSANG,55227,BUS,10,I,,1494489600,,
RMT,1494468667,10,LA BRESSE,55289,BUS,10,I,,1494489600,,
RMT,1494468667,11,NANCY,835810,TER,40,I,,1494490260,,
RMT,1494468667,12,NANCY,835814,TER,40,I,,1494497460,,
RMT,1494468667,13,LA BRESSE,55243,BUS,10,I,,1494500400,,
RMT,1494468667,14,BUSSANG,55245,BUS,10,I,,1494500400,,
RMT,1494468667,15,NANCY,835816,TER,40,I,,1494501060,,
RMT,1494468667,16,NANCY,835818,TER,40,I,,1494504660,,
RMT,1494468667,17,NANCY,835820,TER,40,I,,1494508260,,
RMT,1494468667,18,LA BRESSE,55247,BUS,10,I,,1494508680,,
RMT,1494468667,19,BUSSANG,55261,BUS,10,I,,1494508680,,
RMT,1494468667,20,PARIS EST,2578,TGV,30,I,,1494511200,,
RES,1494468170,1,PARIS M.,8052,TGV,30,I,,1494473520,,
RES,1494468170,2,CAEN,852851,TER,40,I,,1494474600,,
RES,1494468170,3,MONTREUIL,854203,TER,40,I,,1494475200,,
RES,1494468170,4,PARIS M.,8690,TGV,30,I,,1494475500,,
RES,1494468170,5,LILLE EUROPE,5254,TGV,30,I,,1494475800,,
RES,1494468170,6,BREST,855801,TER,40,I,,1494475920,,
RES,1494468170,7,ST BRIEUC,855603,TER,40,I,,1494476400,,
RES,1494468170,8,QUIMPER,856601,TER,40,I,,1494476760,,
RES,1494468170,9,ST MALO,854305,TER,40,I,,1494477000,,
RES,1494468170,10,PARIS M.,8706,TGV,30,I,,1494477300,,
RES,1494468170,11,LAVAL,857652,TER,40,I,,1494477600,,
RES,1494468170,12,LORIENT,856603,TER,40,I,,1494477660,,
RES,1494468170,13,VITRE,855200,TER,40,I,,1494477900,,
RES,1494468170,14,BREST,855803,TER,40,I,,1494478800,,
RES,1494468170,15,PARIS M.,8080,TGV,30,I,,1494479100,,
RES,1494468170,16,PARIS M.,8610,TGV,30,I,,1494479100,,
RES,1494468170,17,MONTREUIL,854207,TER,40,I,,1494479100,,
RES,1494468170,18,NANTES,858397,TER,40,I,,1494479400,,
RES,1494468170,19,MARSEILLE,5336,TGV,30,I,,1494479400,,
RES,1494468170,20,LE MANS,857690,TER,40,I,,1494479580,,
RTL,1494468254,1,REIMS,838300,TER,40,I,,1494475860,,
RTL,1494468254,2,CHAMPAGNE AR,840800,TER,40,I,,1494476940,,
RTL,1494468254,3,SEDAN,838431,TER,40,I,,1494478440,,
RTL,1494468254,4,REIMS,838304,TER,40,I,,1494478740,,
RTL,1494468254,5,CHARLEVILLE,838331,TER,40,I,,1494479580,,
RTL,1494468254,6,REIMS,838306,TER,40,I,,1494481140,,
RTL,1494468254,7,PARIS EST,2714,TGV,30,I,,1494481680,,
RTL,1494468254,8,REIMS,838302,TER,40,I,,1494483120,,
RTL,1494468254,9,CHARLEVILLE,838303,TER,40,I,,1494483240,,
RTL,1494468254,10,CHAMPAGNE AR,840804,TER,40,I,,1494484860,,
RTL,1494468254,11,SEDAN,2709,TGV,30,I,,1494486660,,
RTL,1494468254,12,REIMS,838204,TER,40,I,,1494486660,,
RTL,1494468254,13,SEDAN,840801,TER,40,I,,1494490440,,
RTL,1494468254,14,PARIS EST,2722,TGV,30,I,,1494494280,,
RTL,1494468254,15,REIMS,838320,TER,40,I,,1494497460,,
RTL,1494468254,16,SEDAN,838309,TER,40,I,,1494500040,,
RTL,1494468254,17,REIMS,838312,TER,40,I,,1494501060,,
RTL,1494468254,18,SEDAN,838435,TER,40,I,,1494505740,,
RTL,1494468254,19,CHARLEVILLE,840803,TER,40,I,,1494508440,,
RTL,1494468254,20,REIMS,840806,TER,40,I,,1494511860,,
RET,1494468235,1,ST ETIENNE,406001,BUS,10,I,,1494471180,,
RET,1494468235,2,FIRMINY,406003,BUS,10,I,,1494475080,,
RET,1494468235,3,LE PUY,406002,BUS,10,I,,1494477420,,
RET,1494468235,4,LE PUY,406006,BUS,10,I,,1494477480,,
RET,1494468235,5,FIRMINY,406007,BUS,10,I,,1494477900,,
RET,1494468235,6,FIRMINY,406011,BUS,10,I,,1494483960,,
RET,1494468235,7,LE PUY,406010,BUS,10,I,,1494488580,,
RET,1494468235,8,FIRMINY,406013,BUS,10,I,,1494492180,,
RET,1494468235,9,LE PUY,406012,BUS,10,I,,1494497280,,
RET,1494468235,10,FIRMINY,406015,BUS,10,I,,1494498360,,
RET,1494468235,11,LE PUY,406014,BUS,10,I,,1494505620,,
RET,1494468235,12,FIRMINY,406025,BUS,10,I,,1494516060,,
RET,1494468235,13,LE PUY,406020,BUS,10,I,,1494518100,,
RET,1494468235,14,ST ETIENNE,406031,BUS,10,I,,1494519420,,
RET,1494468235,15,LE PUY,406022,BUS,10,I,,1494521400,,
RET,1494468235,16,LE PUY,406026,BUS,10,I,,1494522960,,
RET,1494468235,17,FIRMINY,31357,BUS,10,I,,1494523020,,
RET,1494468235,18,LE PUY,406032,BUS,10,I,,1494526080,,
RET,1494468235,19,LE PUY,406034,BUS,10,I,,1494533280,,
RVI,1494468346,1,CHARLEVILLE,838804,TER,40,,2,1494472560,,
RVI,1494468346,2,CHARLEVILLE,838806,TER,40,,2,1494475560,,
RVI,1494468346,3,CHARLEVILLE,838808,TER,40,,2,1494476220,,
RVI,1494468346,4,GIVET,838801,TER,40,,1,1494477420,,
RVI,1494468346,5,CHARLEVILLE,838810,TER,40,,2,1494478080,,
RVI,1494468346,6,CHARLEVILLE,838812,TER,40,,2,1494479700,,
RVI,1494468346,7,GIVET,838805,TER,40,,1,1494480420,,
RVI,1494468346,8,CHARLEVILLE,838816,TER,40,,2,1494481860,,
RVI,1494468346,9,GIVET,838809,TER,40,,1,1494484500,,
RVI,1494468346,10,GIVET,838813,TER,40,,1,1494487920,,
RVI,1494468346,11,CHARLEVILLE,838822,TER,40,,2,1494489180,,
RVI,1494468346,12,GIVET,838811,TER,40,,1,1494491640,,
RVI,1494468346,13,CHARLEVILLE,838824,TER,40,,2,1494494520,,
RVI,1494468346,14,CHARLEVILLE,838828,TER,40,,2,1494500100,,
RVI,1494468346,15,GIVET,838819,TER,40,,1,1494502200,,
RVI,1494468346,16,GIVET,838825,TER,40,,1,1494505860,,
RVI,1494468346,17,CHARLEVILLE,838830,TER,40,,2,1494506580,,
RVI,1494468346,18,CHARLEVILLE,838832,TER,40,,2,1494508080,,
RVI,1494468346,19,GIVET,838827,TER,40,,1,1494510300,,
RVI,1494468346,20,CHARLEVILLE,838834,TER,40,,2,1494512100,,
RIO,1494468244,1,PARIS BERCY,5950,INTERCITES,73,I,,1494473760,,
RIO,1494468244,2,CLERMONT FD,873351,TER,40,I,,1494475800,,
RIO,1494468244,3,MONTLUCON,873050,TER,40,I,,1494476040,,
RIO,1494468244,4,NEVERS,873352,TER,40,I,,1494476460,,
RIO,1494468244,5,MONTLUCON,31120,BUS,10,I,,1494477000,,
RIO,1494468244,6,LYON,875702,TER,40,I,,1494477120,,
RIO,1494468244,7,ST GERMAIN,873400,TER,40,I,,1494477360,,
RIO,1494468244,8,MOULINS,874108,TER,40,I,,1494478200,,
RIO,1494468244,9,CLERMONT FD,873357,TER,40,I,,1494478860,,
RIO,1494468244,10,CLERMONT FD,873123,TER,40,I,,1494479580,,
RIO,1494468244,11,MOULINS,873364,TER,40,I,,1494480300,,
RIO,1494468244,12,BRIOUDE,874231,TER,40,I,,1494480300,,
RIO,1494468244,13,GANNAT,31104,BUS,10,I,,1494480540,,
RIO,1494468244,14,CLERMONT FD,873101,TER,40,I,,1494480600,,
RIO,1494468244,15,VIC LE COMTE,874003,TER,40,I,,1494481320,,
RIO,1494468244,16,NEVERS,874002,TER,40,I,,1494481860,,
RIO,1494468244,17,ISSOIRE,874123,TER,40,I,,1494482040,,
RIO,1494468244,18,MONTLUCON,873054,TER,40,I,,1494482400,,
RIO,1494468244,19,VIC LE COMTE,874005,TER,40,I,,1494483180,,
RIO,1494468244,20,CLERMONT FD,873103,TER,40,I,,1494483780,,
RGR,1494468273,1,LYON P.DIEU,886800,TER,40,,A,1494473820,,
RGR,1494468273,2,LYON PERR.,886250,TER,40,,A,1494474660,,
RGR,1494468273,3,AMBERIEU,886803,TER,40,,A,1494475620,,
RGR,1494468273,4,FIRMINY,886200,TER,40,,B,1494475740,,
RGR,1494468273,5,LYON PERR.,886253,TER,40,,A,1494476460,,
RGR,1494468273,6,AMBERIEU,886805,TER,40,,A,1494477420,,
RGR,1494468273,7,LYON PERR.,886255,TER,40,,A,1494478260,,
RGR,1494468273,8,ST ETIENNE C,886700,TER,40,,B,1494478380,,
RGR,1494468273,9,LYON P.DIEU,886807,TER,40,,A,1494479220,,
RGR,1494468273,10,FIRMINY,886204,TER,40,,B,1494479340,,
RGR,1494468273,11,LYON PERR.,886257,TER,40,,A,1494480060,,
RGR,1494468273,12,ST ETIENNE C,886702,TER,40,,B,1494480120,,
RGR,1494468273,13,AMBERIEU,886809,TER,40,,A,1494481020,,
RGR,1494468273,14,FIRMINY,886206,TER,40,,B,1494481140,,
RGR,1494468273,15,LYON PERR.,889972,TER,40,,A,1494481800,,
RGR,1494468273,16,ST ETIENNE C,886704,TER,40,,B,1494481980,,
RGR,1494468273,17,LYON P.DIEU,886811,TER,40,,A,1494482820,,
RGR,1494468273,18,FIRMINY,886208,TER,40,,B,1494482940,,
RGR,1494468273,19,LYON PERR.,886261,TER,40,,A,1494483660,,
RGR,1494468273,20,ST ETIENNE C,886706,TER,40,,B,1494483780,,
RIV,1494468227,1,GIERES,885401,TER,40,,B,1494473820,,
RIV,1494468227,2,LYON PERRACH,885300,TER,40,,A,1494475440,,
RIV,1494468227,3,CHAMBERY,885755,TER,40,,B,1494476820,,
RIV,1494468227,4,GIERES,885403,TER,40,,C,1494478260,,
RIV,1494468227,5,LA TOUR DU P,49808,BUS,10,,,1494478500,,
RIV,1494468227,6,ST ANDRE L.G,885450,TER,40,,A,1494478620,,
RIV,1494468227,7,CHAMBERY,885757,TER,40,,B,1494479040,,
RIV,1494468227,8,CHAMBERY,885759,TER,40,,B,1494480420,,
RIV,1494468227,9,GIERES,885405,TER,40,,C,1494481860,,
RIV,1494468227,10,GIERES,885409,TER,40,,B,1494482640,,
RIV,1494468227,11,ST ANDRE L.G,49810,BUS,10,,,1494483540,,
RIV,1494468227,12,GIERES,885411,TER,40,,C,1494484020,,
RIV,1494468227,13,ST ANDRE L.G,885712,TER,40,,A,1494485820,,
RIV,1494468227,14,GRENOBLE,885413,TER,40,,B,1494486240,,
RIV,1494468227,15,GIERES,885415,TER,40,,C,1494489060,,
RIV,1494468227,16,CHAMBERY,885763,TER,40,,B,1494493440,,
RIV,1494468227,17,GIERES,885419,TER,40,,C,1494499860,,
RIV,1494468227,18,ST ANDRE L.G,885458,TER,40,,A,1494500220,,
RIV,1494468227,19,GRENOBLE,885421,TER,40,,B,1494500640,,
RIV,1494468227,20,GIERES,885423,TER,40,,C,1494503460,,
RVT,1494468333,1,NIMES,876602,TER,40,,2,1494474660,,
RVT,1494468333,2,AVIGNON,876404,TER,40,,2,1494476760,,
RVT,1494468333,3,NARBONNE,876104,TER,40,,2,1494478080,,
RVT,1494468333,4,MARSEILLE,876522,TER,40,,2,1494480360,,
RVT,1494468333,5,CERBERE,876401,TER,40,,1,1494480840,,
RVT,1494468333,6,MONTPELLIER,876604,TER,40,,2,1494481860,,
RVT,1494468333,7,PERPIGNAN,876105,TER,40,,1,1494482940,,
RVT,1494468333,8,AVIGNON,876408,TER,40,,2,1494483960,,
RVT,1494468333,9,CERBERE,876403,TER,40,,1,1494484440,,
RVT,1494468333,10,PERPIGNAN,876405,TER,40,,1,1494488040,,
RVT,1494468333,11,AVIGNON,876412,TER,40,,2,1494491160,,
RVT,1494468333,12,PORT BOU,86981,TER,40,,1,1494491640,,
RVT,1494468333,13,AVIGNON,876414,TER,40,,2,1494494760,,
RVT,1494468333,14,PERPIGNAN,876409,TER,40,,1,1494495240,,
RVT,1494468333,15,NARBONNE,876416,TER,40,,2,1494498360,,
RVT,1494468333,16,PORT BOU,86983,TER,40,,1,1494498840,,
RVT,1494468333,17,AVIGNON,876418,TER,40,,2,1494501960,,
RVT,1494468333,18,PERPIGNAN,876413,TER,40,,1,1494502380,,
RVT,1494468333,19,AVIGNON,876420,TER,40,,2,1494505560,,
RVT,1494468333,20,PORT BOU,86985,TER,40,,1,1494506040,,
RHE,1494468373,1,BALE BASEL,96101,TER,40,,A,1494471300,,
RHE,1494468373,2,BALE BASEL,96103,TER,40,,A,1494475020,,
RHE,1494468373,3,BALE BASEL,96105,TER,40,,A,1494476760,,
RHE,1494468373,4,MULHOUSE,96100,TER,40,,B,1494477240,,
RHE,1494468373,5,BALE BASEL,96107,TER,40,,A,1494478620,,
RHE,1494468373,6,MULHOUSE,96102,TER,40,,B,1494478980,,
RHE,1494468373,7,BALE BASEL,96109,TER,40,,A,1494480420,,
RHE,1494468373,8,MULHOUSE,96104,TER,40,,B,1494480780,,
RHE,1494468373,9,BALE BASEL,96111,TER,40,,A,1494482220,,
RHE,1494468373,10,MULHOUSE,96106,TER,40,,B,1494482580,,
RHE,1494468373,11,BALE BASEL,96113,TER,40,,A,1494483960,,
RHE,1494468373,12,MULHOUSE,96108,TER,40,,B,1494484380,,
RHE,1494468373,13,MULHOUSE,96110,TER,40,,B,1494487080,,
RHE,1494468373,14,MULHOUSE,96198,TER,40,,B,1494487980,,
RHE,1494468373,15,BALE BASEL,96115,TER,40,,A,1494488280,,
RHE,1494468373,16,BALE BASEL,96199,TER,40,,A,1494493080,,
RHE,1494468373,17,MULHOUSE,96112,TER,40,,B,1494493800,,
RHE,1494468373,18,BALE BASEL,96117,TER,40,,A,1494494820,,
RHE,1494468373,19,MULHOUSE,96114,TER,40,,B,1494497220,,
RHE,1494468373,20,BALE BASEL,96119,TER,40,,A,1494498240,,
ROA,1494468239,1,CREUSOT TGV,59744,CAR,1040,,CG,1494471180,,
ROA,1494468239,2,PERRACHE,886603,TER,40,,A,1494471780,,
ROA,1494468239,3,ST ETIENNE,886901,TER,40,,A,1494473040,,
ROA,1494468239,4,PERRACHE,889653,TER,40,,C,1494474300,,
ROA,1494468239,5,ST ETIENNE,886903,TER,40,,A,1494474840,,
ROA,1494468239,6,PERRACHE,886605,TER,40,,B,1494475380,,
ROA,1494468239,7,PERRACHE,886607,TER,40,,C,1494476700,,
ROA,1494468239,8,ST ETIENNE,886905,TER,40,,A,1494477060,,
ROA,1494468239,9,PERRACHE,889655,TER,40,,A,1494477900,,
ROA,1494468239,10,CREUSOT TGV,59746,CAR,1040,,CG,1494478200,,
ROA,1494468239,11,ST ETIENNE,886909,TER,40,,B,1494478440,,
ROA,1494468239,12,PERRACHE,886609,TER,40,,A,1494479160,,
ROA,1494468239,13,ST ETIENNE,886911,TER,40,,C,1494480120,,
ROA,1494468239,14,PERRACHE,886611,TER,40,,A,1494480480,,
ROA,1494468239,15,CLERMONT,875730,TER,40,,C,1494481500,,
ROA,1494468239,16,PERRACHE,875703,TER,40,,A,1494481740,,
ROA,1494468239,17,ST ETIENNE,886915,TER,40,,B,1494483840,,
ROA,1494468239,18,PERRACHE,886613,TER,40,,A,1494484260,,
ROA,1494468239,19,CREUSOT TGV,59750,CAR,1040,,CG,1494484740,,
ROA,1494468239,20,LE COTEAU,59745,CAR,1040,,CG,1494486540,,
RAP,1494469043,1,RODEZ,3755,LUNEA,73,,,1494469560,,
RAP,1494469043,2,RODEZ,870153,TER,40,,,1494478140,,
RAP,1494469043,3,RODEZ,870155,TER,40,,,1494483240,,
RAP,1494469043,4,BRIVE LA GAILLARDE,870150,TER,40,,,1494483300,,
RAP,1494469043,5,RODEZ,870159,TER,40,,,1494497100,,
RAP,1494469043,6,BRIVE LA GAILLARDE,870154,TER,40,,,1494497160,,
RAP,1494469043,7,RODEZ,870161,TER,40,,,1494504480,,
RAP,1494469043,8,BRIVE LA GAILLARDE,870156,TER,40,,,1494504540,,
RAP,1494469043,9,BRIVE LA GAILLARDE,870158,TER,40,,,1494511560,,
RAP,1494469043,10,RODEZ,870163,TER,40,,,1494514860,,
RAP,1494469043,11,BRIVE LA GAILLARDE,870160,TER,40,,,1494519180,,
RAP,1494469043,12,RODEZ,870167,TER,40,,,1494522840,,
RAP,1494469043,13,BRIVE LA GAILLARDE,870162,TER,40,,,1494525120,,
RAP,1494469043,14,RODEZ,870169,TER,40,,,1494536640,,
RAP,1494469043,15,PARIS AUSTERLITZ,3754,LUNEA,73,,,1494542100,,
RCT,1494468202,1,LA ROCHELLE,864706,TER,40,I,,1494475200,,
RCT,1494468202,2,BORDEAUX,13899,INTERCITES,73,I,,1494476520,,
RCT,1494468202,3,POITIERS,864601,TER,40,I,,1494478500,,
RCT,1494468202,4,LA ROCHELLE,864702,TER,40,I,,1494478680,,
RCT,1494468202,5,LA ROCHELLE,864700,TER,40,I,,1494481200,,
RCT,1494468202,6,LA ROCHELLE,864064,TER,40,I,,1494482100,,
RCT,1494468202,7,LA ROCHELLE,864602,TER,40,I,,1494483420,,
RCT,1494468202,8,BORDEAUX,864801,TER,40,I,,1494484440,,
RCT,1494468202,9,LA ROCHELLE,864080,TER,40,I,,1494485460,,
RCT,1494468202,10,LA ROCHELLE,864822,TER,40,I,,1494489240,,
RCT,1494468202,11,SAINTES,864703,TER,40,I,,1494490020,,
RCT,1494468202,12,LA ROCHELLE,864050,TER,40,I,,1494492660,,
RCT,1494468202,13,BORDEAUX,3831,INTERCITES,73,I,,1494494460,,
RCT,1494468202,14,NANTES,3842,INTERCITES,73,I,,1494496440,,
RCT,1494468202,15,BORDEAUX,864823,TER,40,I,,1494497160,,
RCT,1494468202,16,LA ROCHELLE,864054,TER,40,I,,1494501540,,
RCT,1494468202,17,LA ROCHELLE,864802,TER,40,I,,1494507240,,
RCT,1494468202,18,BORDEAUX,3835,INTERCITES,73,I,,1494508920,,
RCT,1494468202,19,LA ROCHELLE,864704,TER,40,I,,1494510420,,
RCT,1494468202,20,LA ROCHELLE,864082,TER,40,I,,1494511800,,
RDZ,1494468217,1,MONTAUBAN,55527,BUS,10,I,,1494476400,,
RDZ,1494468217,2,TOULOUSE MAT,870001,TER,40,I,,1494476520,,
RDZ,1494468217,3,MILLAU,870121,TER,40,I,,1494476640,,
RDZ,1494468217,4,BRIVE LA GAI,870150,TER,40,I,,1494477060,,
RDZ,1494468217,5,MILLAU,55598,BUS,10,I,,1494479400,,
RDZ,1494468217,6,TOULOUSE MAT,870003,TER,40,I,,1494481140,,
RDZ,1494468217,7,MILLAU,55602,BUS,10,I,,1494483600,,
RDZ,1494468217,8,TOULOUSE MAT,870005,TER,40,I,,1494484560,,
RDZ,1494468217,9,BRIVE LA GAI,870154,TER,40,I,,1494490860,,
RDZ,1494468217,10,TOULOUSE MAT,870007,TER,40,I,,1494491160,,
RDZ,1494468217,11,MILLAU,55606,BUS,10,I,,1494492300,,
RDZ,1494468217,12,BRIVE LA GAI,870156,TER,40,I,,1494497880,,
RDZ,1494468217,13,TOULOUSE MAT,870009,TER,40,I,,1494498240,,
RDZ,1494468217,14,MILLAU,55608,BUS,10,I,,1494498600,,
RDZ,1494468217,15,MONTAUBAN,55529,BUS,10,I,,1494501600,,
RDZ,1494468217,16,MILLAU,870123,TER,40,I,,1494503460,,
RDZ,1494468217,17,BRIVE LA GAI,870158,TER,40,I,,1494505200,,
RDZ,1494468217,18,TOULOUSE MAT,870011,TER,40,I,,1494506100,,
RDZ,1494468217,19,MILLAU,55612,BUS,10,I,,1494509400,,
RDZ,1494468217,20,BRIVE LA GAI,870160,TER,40,I,,1494512640,,
RHR,1494468332,1,MACON TGV,59500,BUS,10,,,1494474780,,
RHR,1494468332,2,LYON P.DIEU,886003,TER,40,,A,1494476220,,
RHR,1494468332,3,VALENCE V.,886111,TER,40,,A,1494478140,,
RHR,1494468332,4,LYON PERR.,886011,TER,40,,A,1494481740,,
RHR,1494468332,5,MACON TGV,59574,BUS,10,,,1494481980,,
RHR,1494468332,6,MACON VILLE,886172,TER,40,,B,1494483120,,
RHR,1494468332,7,LYON PERR.,886015,TER,40,,A,1494485340,,
RHR,1494468332,8,MACON VILLE,886174,TER,40,,B,1494486720,,
RHR,1494468332,9,VILLEFRANCHE,59501,BUS,10,,,1494489300,,
RHR,1494468332,10,MACON TGV,59502,BUS,10,,,1494489480,,
RHR,1494468332,11,VILLEFRANCHE,59503,BUS,10,,,1494496500,,
RHR,1494468332,12,VALENCE V.,886125,TER,40,,A,1494499740,,
RHR,1494468332,13,MACON TGV,59506,BUS,10,,,1494503880,,
RHR,1494468332,14,MACON VILLE,886018,TER,40,,B,1494504720,,
RHR,1494468332,15,VILLEFRANCHE,59505,BUS,10,,,1494507000,,
RHR,1494468332,16,MACON VILLE,886120,TER,40,,B,1494515520,,
RHR,1494468332,17,VALENCE V.,886143,TER,40,,A,1494517740,,
RHR,1494468332,18,MACON VILLE,886122,TER,40,,B,1494519120,,
RHR,1494468332,19,VALENCE V.,886147,TER,40,,A,1494521340,,
RHR,1494468332,20,MACON TGV,59510,BUS,10,,,1494521880,,
ROM,1494468347,1,GIERES,885100,TER,40,,B,1494474180,,
ROM,1494468347,2,ANNECY,17555,TER,40,,B,1494477180,,
ROM,1494468347,3,VALENCE,17500,TER,40,,A,1494478860,,
ROM,1494468347,4,GENEVE,96609,TER,40,,B,1494479100,,
ROM,1494468347,5,VALENCE,17502,TER,40,,A,1494480420,,
ROM,1494468347,6,GRENOBLE,17559,TER,40,,B,1494480780,,
ROM,1494468347,7,VALENCE,17504,TER,40,,A,1494482280,,
ROM,1494468347,8,VALENCE,17506,TER,40,,A,1494484020,,
ROM,1494468347,9,ANNECY,17565,TER,40,,B,1494484380,,
ROM,1494468347,10,VALENCE,17510,TER,40,,A,1494487620,,
ROM,1494468347,11,GRENOBLE,17567,TER,40,,B,1494487980,,
ROM,1494468347,12,BRIANCON,17357,TER,40,,A,1494490380,,
ROM,1494468347,13,VALENCE,17512,TER,40,,A,1494491220,,
ROM,1494468347,14,ANNECY,17571,TER,40,,B,1494491580,,
ROM,1494468347,15,ANNECY,17575,TER,40,,B,1494498780,,
ROM,1494468347,16,VALENCE,96634,TER,40,,A,1494500280,,
ROM,1494468347,17,VALENCE,17520,TER,40,,A,1494502020,,
ROM,1494468347,18,ANNECY,17577,TER,40,,B,1494502380,,
ROM,1494468347,19,GENEVE,96615,TER,40,,B,1494504300,,
ROM,1494468347,20,VALENCE,17522,TER,40,,A,1494505620,,
RMY,1494469025,1,PARIS EST TRANSILIEN,11640,INTERCITES,73,,,1494473700,,
RMY,1494469025,2,TROYES,33353,BUS,1040,,,1494474300,,
RMY,1494469025,3,NOGENT SUR SEINE,33370,BUS,1040,,,1494474600,,
RMY,1494469025,4,PARIS EST TRANSILIEN,11642,INTERCITES,73,,,1494476700,,
RMY,1494469025,5,CHAUMONT,840407,TER,40,,,1494478980,,
RMY,1494469025,6,PARIS EST TRANSILIEN,11644,INTERCITES,73,,,1494479880,,
RMY,1494469025,7,NOGENT SUR SEINE,33372,BUS,1040,,,1494480000,,
RMY,1494469025,8,TROYES,33343,BUS,1040,,,1494480000,,
RMY,1494469025,9,CULMONT-CHALINDREY,11641,INTERCITES,73,,,1494482100,,
RMY,1494469025,10,PARIS EST TRANSILIEN,1040,INTERCITES,73,,,1494482940,,
RMY,1494469025,11,PARIS EST TRANSILIEN,1540,INTERCITES,73,,,1494482940,,
RMY,1494469025,12,TROYES,11643,INTERCITES,73,,,1494489300,,
RMY,1494469025,13,PARIS EST TRANSILIEN,11648,INTERCITES,73,,,1494489900,,
RMY,1494469025,14,PARIS EST TRANSILIEN,11740,INTERCITES,73,,,1494498780,,
RMY,1494469025,15,NOGENT SUR SEINE,33374,BUS,1040,,,1494499500,,
RMY,1494469025,16,TROYES,11645,INTERCITES,73,,,1494501900,,
RMY,1494469025,17,PARIS EST TRANSILIEN,11742,INTERCITES,73,,,1494506100,,
RMY,1494469025,18,TROYES,11647,INTERCITES,73,,,1494509100,,
RMY,1494469025,19,NOGENT SUR SEINE,33376,BUS,1040,,,1494515700,,
RMY,1494469025,20,TROYES,33361,BUS,1040,,,1494516000,,
ROH,1494468347,1,STRASBOURG,831701,TER,40,,B,1494474420,,
ROH,1494468347,2,BARR,831700,TER,40,,A,1494475320,,
ROH,1494468347,3,SELESTAT,831702,TER,40,,A,1494477360,,
ROH,1494468347,4,STRASBOURG,831703,TER,40,,B,1494477480,,
ROH,1494468347,5,STRASBOURG,831705,TER,40,,B,1494478740,,
ROH,1494468347,6,BARR,831704,TER,40,,A,1494478800,,
ROH,1494468347,7,STRASBOURG,831707,TER,40,,B,1494480060,,
ROH,1494468347,8,BARR,831706,TER,40,,A,1494480900,,
ROH,1494468347,9,SELESTAT,831708,TER,40,,A,1494481980,,
ROH,1494468347,10,STRASBOURG,831709,TER,40,,B,1494482040,,
ROH,1494468347,11,STRASBOURG,831711,TER,40,,B,1494482760,,
ROH,1494468347,12,BARR,831712,TER,40,,A,1494484380,,
ROH,1494468347,13,STRASBOURG,831713,TER,40,,B,1494484440,,
ROH,1494468347,14,STRASBOURG,831715,TER,40,,B,1494485640,,
ROH,1494468347,15,BARR,831714,TER,40,,A,1494486360,,
ROH,1494468347,16,STRASBOURG,831717,TER,40,,B,1494487260,,
ROH,1494468347,17,BARR,831716,TER,40,,A,1494488100,,
ROH,1494468347,18,STRASBOURG,831719,TER,40,,B,1494488940,,
ROH,1494468347,19,SELESTAT,831718,TER,40,,A,1494489780,,
ROH,1494468347,20,STRASBOURG,831721,TER,40,,B,1494490680,,
ROI,1494469015,1,REIMS,833600,TER,40,,2,1494475680,,
ROI,1494469015,2,METZ,834020,TER,40,,2,1494477720,,
ROI,1494469015,3,LUNÃ‰VILLE,833603,TER,40,,1,1494478320,,
ROI,1494469015,4,NANCY,835074,TER,40,,2,1494479340,,
ROI,1494469015,5,NANCY,835076,TER,40,,2,1494481320,,
ROI,1494469015,6,LUNÃ‰VILLE,833605,TER,40,,1,1494481920,,
ROI,1494469015,7,BAR LE DUC,833602,TER,40,,2,1494482880,,
ROI,1494469015,8,NANCY,835080,TER,40,,2,1494484920,,
ROI,1494469015,9,LUNÃ‰VILLE,833609,TER,40,,1,1494485520,,
ROI,1494469015,10,BAR LE DUC,833604,TER,40,,2,1494486480,,
ROI,1494469015,11,NANCY,835082,TER,40,,2,1494490080,,
ROI,1494469015,12,LUNÃ‰VILLE,835077,TER,40,,1,1494492720,,
ROI,1494469015,13,REVIGNY,833606,TER,40,,2,1494497280,,
ROI,1494469015,14,LUNÃ‰VILLE,833613,TER,40,,1,1494499920,,
ROI,1494469015,15,NANCY,835090,TER,40,,2,1494504480,,
ROI,1494469015,16,LUNÃ‰VILLE,835085,TER,40,,1,1494507120,,
ROI,1494469015,17,LUNÃ‰VILLE,835087,TER,40,,1,1494510720,,
ROI,1494469015,18,BAR LE DUC,833608,TER,40,,2,1494511680,,
ROI,1494469015,19,LUNÃ‰VILLE,835089,TER,40,,1,1494514320,,
ROI,1494469015,20,REIMS,833610,TER,40,,2,1494515280,,
RSP,1494469012,1,RENNES,856602,TER,40,,,1494474180,,
RSP,1494469012,2,LORIENT,856550,TER,40,,,1494475440,,
RSP,1494469012,3,PARIS MONTPARNASSE,8718,TGV,30,,,1494478140,,
RSP,1494469012,4,VANNES,856508,TER,40,,,1494478860,,
RSP,1494469012,5,QUIMPER,856553,TER,40,,,1494479760,,
RSP,1494469012,6,RENNES,856616,TER,40,,,1494480540,,
RSP,1494469012,7,CARHAIX,32206,BUS,1040,,,1494480900,,
RSP,1494469012,8,QUIMPER,856501,TER,40,,,1494481800,,
RSP,1494469012,9,VANNES,856510,TER,40,,,1494482760,,
RSP,1494469012,10,QUIMPER,856401,TER,40,,,1494483180,,
RSP,1494469012,11,PARIS MONTPARNASSE,8720,TGV,30,,,1494483840,,
RSP,1494469012,12,QUIMPER,858201,TER,40,,,1494484860,,
RSP,1494469012,13,CARHAIX,32210,BUS,1040,,,1494485400,,
RSP,1494469012,14,NANTES,858260,TER,40,,,1494488400,,
RXB,1494469024,1,PARIS NORD (*),7206,TGV,30,,A,1494476100,,
RXB,1494469024,2,LILLE FLANDRES,19702,TER,40,,A,1494477660,,
RXB,1494469024,3,TOURCOING,844051,TER,40,,B,1494477720,,
RXB,1494469024,4,ANTWERPEN CENTRAAL,19701,TER,40,,B,1494479880,,
RXB,1494469024,5,LILLE FLANDRES,844060,TER,40,,A,1494479940,,
RXB,1494469024,6,LILLE FLANDRES,19704,TER,40,,A,1494481260,,
RXB,1494469024,7,TOURCOING,844055,TER,40,,B,1494481320,,
RXB,1494469024,8,ANTWERPEN CENTRAAL,19705,TER,40,,B,1494483480,,
RXB,1494469024,9,LILLE FLANDRES,844064,TER,40,,A,1494483540,,
RXB,1494469024,10,LILLE FLANDRES,19708,TER,40,,A,1494484860,,
RXB,1494469024,11,TOURCOING,844059,TER,40,,B,1494484920,,
RXB,1494469024,12,ANTWERPEN CENTRAAL,19707,TER,40,,B,1494487080,,
RXB,1494469024,13,LILLE FLANDRES,844068,TER,40,,A,1494487140,,
RXB,1494469024,14,LILLE FLANDRES,19710,TER,40,,A,1494488460,,
RXB,1494469024,15,ANTWERPEN CENTRAAL,19709,TER,40,,B,1494490680,,
RXB,1494469024,16,PARIS NORD (*),7248,TGV,30,,A,1494494100,,
RXB,1494469024,17,ANTWERPEN CENTRAAL,19713,TER,40,,B,1494494280,,
RXB,1494469024,18,LILLE FLANDRES,19714,TER,40,,A,1494495540,,
RXB,1494469024,19,ANTWERPEN CENTRAAL,19715,TER,40,,B,1494497880,,
RXB,1494469024,20,LILLE FLANDRES,19734,TER,40,,A,1494499260,,
RRD,1494468202,1,PARIS ST L,850002,TER,40,I,,1494473160,,
RRD,1494468202,2,LE HAVRE,850401,TER,40,I,,1494475020,,
RRD,1494468202,3,PARIS ST L,13100,INTERCITES,73,I,,1494475080,,
RRD,1494468202,4,CAEN,852030,TER,40,I,,1494475440,,
RRD,1494468202,5,LILLE FLAND.,848920,TER,40,I,,1494476220,,
RRD,1494468202,6,YVETOT,850601,TER,40,I,,1494476400,,
RRD,1494468202,7,PARIS ST L,3100,INTERCITES,73,I,,1494476760,,
RRD,1494468202,8,LE HAVRE,850403,TER,40,I,,1494476940,,
RRD,1494468202,9,DIEPPE,851701,TER,40,I,,1494477600,,
RRD,1494468202,10,ELBEUF ST AU,850602,TER,40,I,,1494477780,,
RRD,1494468202,11,PARIS ST L,13104,INTERCITES,73,I,,1494478020,,
RRD,1494468202,12,PARIS ST L,13106,INTERCITES,73,I,,1494478680,,
RRD,1494468202,13,LE HAVRE,850405,TER,40,I,,1494478800,,
RRD,1494468202,14,CAEN,852072,TER,40,I,,1494479220,,
RRD,1494468202,15,DIEPPE,851703,TER,40,I,,1494479520,,
RRD,1494468202,16,PARIS ST L,850044,TER,40,I,,1494479520,,
RRD,1494468202,17,AMIENS,848950,TER,40,I,,1494479820,,
RRD,1494468202,18,YVETOT,850603,TER,40,I,,1494480000,,
RRD,1494468202,19,PARIS ST L,3102,INTERCITES,73,I,,1494480480,,
RRD,1494468202,20,DIEPPE,851705,TER,40,I,,1494480600,,
ROY,1494468234,1,ANGOULEME,864520,TER,40,I,,1494474900,,
ROY,1494468234,2,NIORT,864402,TER,40,I,,1494476460,,
ROY,1494468234,3,SAINTES,864300,TER,40,I,,1494478320,,
ROY,1494468234,4,SAINTES,864302,TER,40,I,,1494483180,,
ROY,1494468234,5,ANGOULEME,864524,TER,40,I,,1494491160,,
ROY,1494468234,6,NIORT,864406,TER,40,I,,1494501600,,
ROY,1494468234,7,ANGOULEME,864570,TER,40,I,,1494505860,,
ROY,1494468234,8,ANGOULEME,864526,TER,40,I,,1494510180,,
ROY,1494468234,9,SAINTES,864304,TER,40,I,,1494514560,,
ROY,1494468234,10,SAINTES,864306,TER,40,I,,1494518640,,
ROY,1494468234,11,ANGOULEME,864530,TER,40,I,,1494522120,,
ROY,1494468234,12,ANGOULEME,864520,TER,40,I,,1494474900,,
ROY,1494468234,13,NIORT,864402,TER,40,I,,1494476460,,
ROY,1494468234,14,SAINTES,864300,TER,40,I,,1494478320,,
ROY,1494468234,15,SAINTES,864302,TER,40,I,,1494483180,,
ROY,1494468234,16,ANGOULEME,864524,TER,40,I,,1494491160,,
ROY,1494468234,17,NIORT,864406,TER,40,I,,1494501600,,
ROY,1494468234,18,ANGOULEME,864570,TER,40,I,,1494505860,,
ROY,1494468234,19,NIORT,864428,TER,40,I,,1494510180,,
ROY,1494468234,20,SAINTES,864304,TER,40,I,,1494514560,,
RYA,1494468237,1,VOLVIC,873209,TER,40,,1,1494477180,,
RYA,1494468237,2,CLERMONT FD,873210,TER,40,,2,1494479880,,
RYA,1494468237,3,VOLVIC,873211,TER,40,,1,1494481320,,
RYA,1494468237,4,CLERMONT FD,873212,TER,40,,2,1494483840,,
RYA,1494468237,5,VOLVIC,873221,TER,40,,1,1494499320,,
RYA,1494468237,6,LE MONT DORE,31101,TER,40,,1,1494501360,,
RYA,1494468237,7,CLERMONT FD,873220,TER,40,,2,1494501900,,
RYA,1494468237,8,DURTOL,873245,TER,40,,1,1494510720,,
RYA,1494468237,9,CLERMONT FD,873246,TER,40,,2,1494511740,,
RYA,1494468237,10,VOLVIC,873223,TER,40,,1,1494513420,,
RYA,1494468237,11,CLERMONT FD,31110,TER,40,,2,1494515280,,
RYA,1494468237,12,CLERMONT FD,873224,TER,40,,2,1494516180,,
RYA,1494468237,13,VOLVIC,873225,TER,40,,1,1494517620,,
RYA,1494468237,14,CLERMONT FD,873226,TER,40,,2,1494520140,,
RYA,1494468237,15,VOLVIC,31129,TER,40,,1,1494520920,,
RYA,1494468237,16,CLERMONT FD,31128,TER,40,,2,1494524520,,
RUE,1494468297,1,AMIENS,848836,TER,40,,2,1494473040,,
RUE,1494468297,2,AMIENS,848838,TER,40,,2,1494476700,,
RUE,1494468297,3,ABBEVILLE,38252,BUS,10,,,1494477660,,
RUE,1494468297,4,PARIS,2008,INTERCITES,73,,2,1494479580,,
RUE,1494468297,5,CALAIS,848801,TER,40,,1,1494479640,,
RUE,1494468297,6,CALAIS,848803,TER,40,,1,1494483180,,
RUE,1494468297,7,AMIENS,848842,TER,40,,2,1494483900,,
RUE,1494468297,8,AMIENS,848818,TER,40,,2,1494494520,,
RUE,1494468297,9,ETAPLES,447633,BUS,10,,,1494507900,,
RUE,1494468297,10,AMIENS,848852,TER,40,,2,1494512700,,
RUE,1494468297,11,ABBEVILLE,38254,BUS,10,,,1494515160,,
RUE,1494468297,12,CALAIS VILLE,848823,TER,40,,1,1494516960,,
RUE,1494468297,13,AMIENS,848854,TER,40,,2,1494519900,,
RUE,1494468297,14,BOULOGNE,2025,INTERCITES,73,,1,1494520920,,
RUE,1494468297,15,CALAIS VILLE,848827,TER,40,,1,1494524160,,
RUE,1494468297,16,BOULOGNE,848831,TER,40,,1,1494527880,,
RUE,1494468297,17,BOULOGNE,2035,INTERCITES,73,,1,1494531660,,
RUG,1494469018,1,ANGOULÃŠME,863259,TER,40,,1,1494478560,,
RUG,1494469018,2,POITIERS,863260,TER,40,,2,1494478680,,
RUG,1494469018,3,POITIERS,863258,TER,40,,2,1494482220,,
RUG,1494469018,4,ANGOULÃŠME,863265,TER,40,,1,1494484560,,
RUG,1494469018,5,POITIERS,863262,TER,40,,2,1494486360,,
RUG,1494469018,6,PARIS MONTPARNASSE,8500,TGV,30,,2,1494488220,,
RUG,1494469018,7,POITIERS,863264,TER,40,,2,1494500940,,
RUG,1494469018,8,ANGOULÃŠME,863261,TER,40,,1,1494503640,,
RUG,1494469018,9,ANGOULÃŠME,863263,TER,40,,1,1494514440,,
RUG,1494469018,10,POITIERS,863266,TER,40,,2,1494515700,,
RUG,1494469018,11,ANGOULÃŠME,863267,TER,40,,1,1494518580,,
RUG,1494469018,12,POITIERS,863268,TER,40,,2,1494519000,,
RUG,1494469018,13,ANGOULÃŠME,863269,TER,40,,1,1494521820,,
RUG,1494469018,14,BORDEAUX SAINT-JEAN,8437,TGV,30,,1,1494522300,,
RUG,1494469018,15,POITIERS,863270,TER,40,,2,1494522540,,
RUG,1494469018,16,ANGOULÃŠME,863271,TER,40,,1,1494525720,,
RUM,1494468228,1,VALENCE,17506,TER,40,,A,1494475260,,
RUM,1494468228,2,LYON P. DIEU,17940,TER,40,,A,1494476040,,
RUM,1494468228,3,VALENCE,17510,TER,40,,A,1494478860,,
RUM,1494468228,4,ANNECY,883803,TER,40,,B,1494478860,,
RUM,1494468228,5,LYON P. DIEU,17942,TER,40,,A,1494479580,,
RUM,1494468228,6,ANNECY,883807,TER,40,,B,1494480240,,
RUM,1494468228,7,ANNECY,17553,TER,40,,B,1494482520,,
RUM,1494468228,8,VALENCE,17512,TER,40,,A,1494482520,,
RUM,1494468228,9,LYON P. DIEU,17944,TER,40,,A,1494483240,,
RUM,1494468228,10,ANNECY,17971,TER,40,,B,1494485220,,
RUM,1494468228,11,CHAMBERY,17516,TER,40,,A,1494486060,,
RUM,1494468228,12,ANNECY,17555,TER,40,,B,1494486060,,
RUM,1494468228,13,ANNECY,17973,TER,40,,B,1494488760,,
RUM,1494468228,14,ANNECY,883817,TER,40,,B,1494489660,,
RUM,1494468228,15,CHAMBERY,883864,TER,40,,A,1494489660,,
RUM,1494468228,16,ANNECY,17975,TER,40,,B,1494492300,,
RUM,1494468228,17,VALENCE,17520,TER,40,,A,1494493260,,
RUM,1494468228,18,ANNECY,17565,TER,40,,B,1494493260,,
RUM,1494468228,19,LYON P. DIEU,17948,TER,40,,A,1494494160,,
RUM,1494468228,20,ANNECY,17571,TER,40,,B,1494500460,,
SAB,1494468386,1,PARIS,8802,TGV,30,I,,1494476700,,
SAB,1494468386,2,LE MANS,857702,TER,40,I,,1494477360,,
SAB,1494468386,3,NANTES,857319,TER,40,I,,1494477540,,
SAB,1494468386,4,ANGERS,857301,TER,40,I,,1494478260,,
SAB,1494468386,5,LE MANS,857394,TER,40,I,,1494479100,,
SAB,1494468386,6,NANTES,857305,TER,40,I,,1494479580,,
SAB,1494468386,7,LE MANS,857360,TER,40,I,,1494481200,,
SAB,1494468386,8,ANGERS,857349,TER,40,I,,1494481320,,
SAB,1494468386,9,LE MANS,857348,TER,40,I,,1494483360,,
SAB,1494468386,10,ANGERS,857311,TER,40,I,,1494483480,,
SAB,1494468386,11,NANTES,857365,TER,40,I,,1494485220,,
SAB,1494468386,12,LE MANS,857362,TER,40,I,,1494485280,,
SAB,1494468386,13,NANTES,8807,TGV,30,I,,1494485580,,
SAB,1494468386,14,LE MANS,857382,TER,40,I,,1494486420,,
SAB,1494468386,15,LE MANS,857306,TER,40,I,,1494488340,,
SAB,1494468386,16,NANTES,857367,TER,40,I,,1494494880,,
SAB,1494468386,17,LE MANS,857344,TER,40,I,,1494500880,,
SAB,1494468386,18,ANGERS,857323,TER,40,I,,1494501120,,
SAB,1494468386,19,NANTES,857383,TER,40,I,,1494501960,,
SAB,1494468386,20,LE MANS,857314,TER,40,I,,1494502320,,
SBL,1494468321,1,LYON ST PAUL,49691,BUS,10,,,1494471840,,
SBL,1494468321,2,LYON ST PAUL,890001,TER,40,,A,1494473640,,
SBL,1494468321,3,LYON ST PAUL,890003,TER,40,I,,1494475320,,
SBL,1494468321,4,LYON ST PAUL,890007,TER,40,I,,1494477240,,
SBL,1494468321,5,LYON ST PAUL,890011,TER,40,I,,1494479040,,
SBL,1494468321,6,LYON ST PAUL,890015,TER,40,I,,1494480840,,
SBL,1494468321,7,LYON ST PAUL,890019,TER,40,I,,1494482640,,
SBL,1494468321,8,LYON ST PAUL,890023,TER,40,I,,1494484440,,
SBL,1494468321,9,LYON ST PAUL,890025,TER,40,I,,1494486240,,
SBL,1494468321,10,LYON ST PAUL,890035,TER,40,I,,1494495240,,
SBL,1494468321,11,LYON ST PAUL,890037,TER,40,I,,1494497040,,
SBL,1494468321,12,LYON ST PAUL,890039,TER,40,I,,1494498840,,
SBL,1494468321,13,LYON ST PAUL,890041,TER,40,I,,1494500640,,
SBL,1494468321,14,LYON ST PAUL,890043,TER,40,I,,1494502440,,
SBL,1494468321,15,LYON ST PAUL,890045,TER,40,I,,1494504240,,
SBL,1494468321,16,LYON ST PAUL,890047,TER,40,I,,1494506040,,
SBL,1494468321,17,LYON ST PAUL,890049,TER,40,I,,1494507840,,
SBL,1494468321,18,LYON ST PAUL,890051,TER,40,I,,1494509640,,
SBL,1494468321,19,LYON ST PAUL,890053,TER,40,I,,1494511440,,
SBL,1494468321,20,LYON ST PAUL,890055,TER,40,I,,1494513240,,
SZE,1494468179,1,LYON PERRA.,893903,TER,40,,A,1494473580,,
SZE,1494468179,2,CLERMONT FD,873353,TER,40,,A,1494479100,,
SZE,1494468179,3,NEVERS,893600,TER,40,,B,1494480540,,
SZE,1494468179,4,LYON PERR.,893905,TER,40,,A,1494484440,,
SZE,1494468179,5,LYON PERRA.,4413,INTERCITES,73,,A,1494492420,,
SZE,1494468179,6,TOURS,4504,INTERCITES,73,,B,1494497400,,
SZE,1494468179,7,LYON PERRA.,4417,INTERCITES,73,,A,1494519480,,
SZE,1494468179,8,MOULINS,893611,TER,40,,A,1494519960,,
SZE,1494468179,9,TOURS,4516,INTERCITES,73,,B,1494520440,,
SZE,1494468179,10,NEVERS,31710,BUS,10,,0,1494521340,,
SZE,1494468179,11,NEVERS,893902,TER,40,,B,1494532080,,
XAE,1494468265,1,LISLE JOURDA,870401,TER,40,,2,1494475260,,
XAE,1494468265,2,PAU,872701,TER,40,,2,1494475560,,
XAE,1494468265,3,FOIX,871401,TER,40,,2,1494476700,,
XAE,1494468265,4,AUCH,870301,TER,40,,2,1494477060,,
XAE,1494468265,5,LA TOUR DE C,3981,INTERCITES,73,,2,1494478500,,
XAE,1494468265,6,LISLE JOURDA,870403,TER,40,,2,1494478860,,
XAE,1494468265,7,FOIX,871403,TER,40,,2,1494480300,,
XAE,1494468265,8,AUCH,870303,TER,40,,2,1494480660,,
XAE,1494468265,9,TARBES,872703,TER,40,,2,1494481020,,
XAE,1494468265,10,MONTREJEAU,872881,TER,40,,2,1494481620,,
XAE,1494468265,11,AX LES THERM,871451,TER,40,,2,1494482100,,
XAE,1494468265,12,LISLE JOURDA,870405,TER,40,,2,1494482460,,
XAE,1494468265,13,MURET,872601,TER,40,,2,1494482760,,
XAE,1494468265,14,PAMIERS,871405,TER,40,,2,1494483900,,
XAE,1494468265,15,LISLE JOURD,870407,TER,40,,2,1494484260,,
XAE,1494468265,16,LA TOUR DE C,871473,TER,40,,2,1494485700,,
XAE,1494468265,17,PAMIERS,871407,TER,40,,2,1494487500,,
XAE,1494468265,18,TARBES,872729,TER,40,,2,1494488220,,
XAE,1494468265,19,AX LES THERM,871453,TER,40,,2,1494489300,,
XAE,1494468265,20,LISLE JOURDA,870409,TER,40,,2,1494489660,,
SAD,1494469020,1,VIERZON VILLE,861902,TER,40,,2,1494475800,,
SAD,1494469020,2,BOURGES,861122,TER,40,,2,1494476820,,
SAD,1494469020,3,MONTLUÃ‡ON,861101,TER,40,,1,1494478080,,
SAD,1494469020,4,BOURGES,52632,BUS,1040,,,1494479100,,
SAD,1494469020,5,VIERZON VILLE,31100,BUS,1040,,,1494481320,,
SAD,1494469020,6,PARIS AUSTERLITZ,3910,INTERCITES,73,,2,1494487200,,
SAD,1494469020,7,MONTLUÃ‡ON,31105,BUS,1040,,,1494492900,,
SAD,1494469020,8,MONTLUÃ‡ON,414281,BUS,1040,,,1494496800,,
SAD,1494469020,9,BOURGES,414280,BUS,1040,,,1494499500,,
SAD,1494469020,10,MONTLUÃ‡ON,3909,INTERCITES,73,,1,1494509100,,
SAD,1494469020,11,PARIS AUSTERLITZ,3918,INTERCITES,73,,2,1494515880,,
SAD,1494469020,12,MONTLUÃ‡ON,861115,TER,40,,1,1494519780,,
SAD,1494469020,13,BOURGES,861116,TER,40,,2,1494520140,,
SAD,1494469020,14,MONTLUÃ‡ON,861925,TER,40,,1,1494526800,,
SAD,1494469020,15,MONTLUÃ‡ON,3917,INTERCITES,73,,1,1494533700,,
SAC,1494469026,1,BORDEAUX SAINT-JEAN,864203,TER,40,,1,1494476940,,
SAC,1494469026,2,BORDEAUX SAINT-JEAN,865163,TER,40,,1,1494478680,,
SAC,1494469026,3,BORDEAUX SAINT-JEAN,864201,TER,40,,1,1494480060,,
SAC,1494469026,4,SAINT-MARIENS-SAINT-YZAN,865114,TER,40,,2,1494480900,,
SAC,1494469026,5,BORDEAUX SAINT-JEAN,865115,TER,40,,1,1494482100,,
SAC,1494469026,6,LA ROCHELLE,864822,TER,40,,2,1494483180,,
SAC,1494469026,7,BORDEAUX SAINT-JEAN,13899,INTERCITES,73,,1,1494483600,,
SAC,1494469026,8,BORDEAUX SAINT-JEAN,865109,TER,40,,1,1494486120,,
SAC,1494469026,9,SAINT-MARIENS-SAINT-YZAN,865112,TER,40,,2,1494489840,,
SAC,1494469026,10,BORDEAUX SAINT-JEAN,864801,TER,40,,1,1494490500,,
SAC,1494469026,11,BORDEAUX SAINT-JEAN,865119,TER,40,,1,1494492780,,
SAC,1494469026,12,SAINT-MARIENS-SAINT-YZAN,865122,TER,40,,2,1494495360,,
SAC,1494469026,13,LA ROCHELLE,864802,TER,40,,2,1494501060,,
SAC,1494469026,14,BORDEAUX SAINT-JEAN,865123,TER,40,,1,1494501780,,
SAC,1494469026,15,BORDEAUX SAINT-JEAN,864823,TER,40,,1,1494503280,,
SAC,1494469026,16,SAINT-MARIENS-SAINT-YZAN,865128,TER,40,,2,1494506100,,
SAC,1494469026,17,SAINT-MARIENS-SAINT-YZAN,865132,TER,40,,2,1494513600,,
SAC,1494469026,18,BORDEAUX SAINT-JEAN,865129,TER,40,,1,1494516240,,
SAC,1494469026,19,SAINTES,864282,TER,40,,2,1494516900,,
SAC,1494469026,20,SAINTES,864298,TER,40,,2,1494518580,,
SAY,1494468284,1,LYON PERR.,889403,TER,40,,A,1494476100,,
SAY,1494468284,2,LYON PERR.,889405,TER,40,,A,1494477900,,
SAY,1494468284,3,BOURG EN B.,889402,TER,40,,B,1494477960,,
SAY,1494468284,4,LYON PERR.,889409,TER,40,,A,1494479700,,
SAY,1494468284,5,LYON PERR.,887403,TER,40,,A,1494481500,,
SAY,1494468284,6,BOURG EN B.,889404,TER,40,,B,1494481560,,
SAY,1494468284,7,LYON PERR.,889415,TER,40,,A,1494483300,,
SAY,1494468284,8,BOURG EN B.,889406,TER,40,,B,1494485160,,
SAY,1494468284,9,LYON PERR.,889419,TER,40,,A,1494486900,,
SAY,1494468284,10,BOURG EN B.,49602,BUS,10,,,1494489000,,
SAY,1494468284,11,LYON P.DIEU,49603,BUS,10,,,1494490020,,
SAY,1494468284,12,BOURG EN B.,889410,TER,40,,B,1494492360,,
SAY,1494468284,13,LYON PERR.,889423,TER,40,,A,1494494040,,
SAY,1494468284,14,BOURG EN B.,889416,TER,40,,B,1494495960,,
SAY,1494468284,15,LYON PERR.,889425,TER,40,,A,1494497700,,
SAY,1494468284,16,BOURG EN B.,889418,TER,40,,B,1494499860,,
SAY,1494468284,17,LYON PERR.,889427,TER,40,,A,1494501300,,
SAY,1494468284,18,BOURG EN B.,889420,TER,40,,B,1494503160,,
SAY,1494468284,19,LYON PERR.,889429,TER,40,,A,1494504900,,
SAY,1494468284,20,BOURG EN B.,889428,TER,40,,B,1494506760,,
SAG,1494468226,1,LYON PERRACH,887302,TER,40,,D,1494472080,,
SAG,1494468226,2,GIERES,885401,TER,40,,C,1494472200,,
SAG,1494468226,3,LYON PERRACH,887304,TER,40,,D,1494473880,,
SAG,1494468226,4,CHAMBERY,49641,BUS,10,,,1494475200,,
SAG,1494468226,5,CHAMBERY,885755,TER,40,,C,1494475260,,
SAG,1494468226,6,LYON PERRACH,887300,TER,40,,D,1494475680,,
SAG,1494468226,7,CHAMBERY,883503,TER,40,,D,1494477300,,
SAG,1494468226,8,CHAMBERY,885757,TER,40,,C,1494477420,,
SAG,1494468226,9,LYON PERRACH,885300,TER,40,,B,1494477540,,
SAG,1494468226,10,CHAMBERY,49643,BUS,10,,,1494478860,,
SAG,1494468226,11,CHAMBERY,885759,TER,40,,C,1494478860,,
SAG,1494468226,12,LYON PERRACH,887308,TER,40,,D,1494479280,,
SAG,1494468226,13,GIERES,885409,TER,40,,C,1494481020,,
SAG,1494468226,14,LYON PERRACH,887312,TER,40,,D,1494481080,,
SAG,1494468226,15,LYON PERRACH,887310,TER,40,,D,1494482880,,
SAG,1494468226,16,GRENOBLE,885413,TER,40,,C,1494484620,,
SAG,1494468226,17,LYON PERRACH,887314,TER,40,,D,1494486480,,
SAG,1494468226,18,LYON PERRACH,887318,TER,40,,D,1494490080,,
SAG,1494468226,19,CHAMBERY,885763,TER,40,,C,1494491820,,
SAG,1494468226,20,CHAMBERY,49645,BUS,10,,,1494496140,,
SNT,1494468368,1,AIX EN PROV.,880110,TER,40,,B,1494474720,,
SNT,1494468368,2,MARSEILLE,880115,TER,40,,A,1494475620,,
SNT,1494468368,3,MARSEILLE,880119,TER,40,,A,1494477900,,
SNT,1494468368,4,AIX EN PROV.,880112,TER,40,,B,1494478320,,
SNT,1494468368,5,AIX EN PROV.,880114,TER,40,,B,1494479520,,
SNT,1494468368,6,MARSEILLE,880121,TER,40,,A,1494480420,,
SNT,1494468368,7,AIX EN PROV.,880116,TER,40,,B,1494480780,,
SNT,1494468368,8,MARSEILLE,880607,TER,40,,A,1494481500,,
SNT,1494468368,9,AIX EN PROV.,880118,TER,40,,B,1494481920,,
SNT,1494468368,10,MARSEILLE,17413,TER,40,,A,1494482880,,
SNT,1494468368,11,AIX EN PROV.,880120,TER,40,,B,1494483300,,
SNT,1494468368,12,AIX EN PROV.,880122,TER,40,,B,1494484320,,
SNT,1494468368,13,MARSEILLE,880609,TER,40,,A,1494485220,,
SNT,1494468368,14,MARSEILLE,880651,TER,40,,A,1494486360,,
SNT,1494468368,15,AIX EN PROV.,880124,TER,40,,B,1494486720,,
SNT,1494468368,16,MARSEILLE,880127,TER,40,,A,1494487620,,
SNT,1494468368,17,MARSEILLE,880129,TER,40,,A,1494488760,,
SNT,1494468368,18,MARSEILLE,880131,TER,40,,A,1494490020,,
SNT,1494468368,19,SISTERON,880650,TER,40,,B,1494490020,,
SNT,1494468368,20,PERTUIS,880612,TER,40,,B,1494495120,,
STK,1494469017,1,BORDEAUX SAINT-JEAN,865313,TER,40,,1,1494475560,,
STK,1494469017,2,BORDEAUX SAINT-JEAN,865363,TER,40,,1,1494477780,,
STK,1494469017,3,PÃ‰RIGUEUX,865450,TER,40,,2,1494478500,,
STK,1494469017,4,BORDEAUX SAINT-JEAN,865315,TER,40,,1,1494479520,,
STK,1494469017,5,LIMOGES BÃ‰NÃ‰DICTINS,865562,TER,40,,2,1494480000,,
STK,1494469017,6,BORDEAUX SAINT-JEAN,865511,TER,40,,1,1494481380,,
STK,1494469017,7,PÃ‰RIGUEUX,865364,TER,40,,2,1494483600,,
STK,1494469017,8,BORDEAUX SAINT-JEAN,865367,TER,40,,1,1494485160,,
STK,1494469017,9,BRIVE LA GAILLARDE,865214,TER,40,,2,1494485340,,
STK,1494469017,10,PÃ‰RIGUEUX,865516,TER,40,,2,1494489360,,
STK,1494469017,11,BORDEAUX SAINT-JEAN,865321,TER,40,,1,1494491160,,
STK,1494469017,12,BORDEAUX SAINT-JEAN,865513,TER,40,,1,1494499500,,
STK,1494469017,13,LIMOGES BÃ‰NÃ‰DICTINS,865524,TER,40,,2,1494503040,,
STK,1494469017,14,BORDEAUX SAINT-JEAN,865277,TER,40,,1,1494504900,,
STK,1494469017,15,PÃ‰RIGUEUX,865378,TER,40,,2,1494508920,,
STK,1494469017,16,BORDEAUX SAINT-JEAN,865333,TER,40,,1,1494512040,,
STK,1494469017,17,BORDEAUX SAINT-JEAN,865335,TER,40,,1,1494515520,,
STK,1494469017,18,PÃ‰RIGUEUX,865382,TER,40,,2,1494515700,,
STK,1494469017,19,PÃ‰RIGUEUX,865332,TER,40,,2,1494517380,,
STK,1494469017,20,MUSSIDAN,865485,TER,40,,1,1494518100,,
SVB,1494468327,1,CHAMBERY,49842,BUS,10,,,1494474120,,
SVB,1494468327,2,CHAMBERY,883354,TER,40,,B,1494477600,,
SVB,1494468327,3,MODANE,883301,TER,40,,A,1494480060,,
SVB,1494468327,4,ST JEAN DE M,49969,BUS,10,,,1494480180,,
SVB,1494468327,5,CHAMBERY,883358,TER,40,,B,1494481260,,
SVB,1494468327,6,MODANE,883305,TER,40,,A,1494483660,,
SVB,1494468327,7,CHAMBERY,49848,BUS,10,,,1494485040,,
SVB,1494468327,8,MODANE,49845,BUS,10,,,1494488580,,
SVB,1494468327,9,CHAMBERY,883366,TER,40,,B,1494491400,,
SVB,1494468327,10,MODANE,883309,TER,40,,A,1494497280,,
SVB,1494468327,11,CHAMBERY,883372,TER,40,,B,1494498300,,
SVB,1494468327,12,CHAMBERY,49850,BUS,10,,,1494500820,,
SVB,1494468327,13,MODANE,883313,TER,40,,A,1494501840,,
SVB,1494468327,14,CHAMBERY,883380,TER,40,,B,1494506160,,
SVB,1494468327,15,MODANE,883321,TER,40,,A,1494509460,,
SVB,1494468327,16,CHAMBERY,883382,TER,40,,B,1494513600,,
SVB,1494468327,17,MODANE,17925,TER,40,,A,1494516060,,
SVB,1494468327,18,CHAMBERY,883386,TER,40,,B,1494517200,,
SVB,1494468327,19,ST PIERRE D.,49970,BUS,10,,,1494518400,,
SVB,1494468327,20,MODANE,883329,TER,40,,A,1494520140,,
SBR,1494468381,1,ST ANDRE L.G,49640,BUS,10,,,1494474600,,
SBR,1494468381,2,CHAMBERY,49641,BUS,10,,,1494477060,,
SBR,1494468381,3,CHAMBERY,883503,TER,40,,A,1494479400,,
SBR,1494468381,4,CHAMBERY,49643,BUS,10,,,1494480720,,
SBR,1494468381,5,ST ANDRE L.G,49646,BUS,10,,,1494481860,,
SBR,1494468381,6,ST ANDRE L.G,49648,BUS,10,,,1494488400,,
SBR,1494468381,7,CHAMBERY,49645,BUS,10,,,1494498000,,
SBR,1494468381,8,ST ANDRE L.G,883504,TER,40,,A,1494499140,,
SBR,1494468381,9,CHAMBERY,883507,TER,40,,A,1494504360,,
SBR,1494468381,10,ST ANDRE L.G,49652,BUS,10,,,1494507360,,
SBR,1494468381,11,CHAMBERY,49649,BUS,10,,,1494509760,,
SBR,1494468381,12,ST ANDRE L.G,49654,BUS,10,,,1494514620,,
SBR,1494468381,13,CHAMBERY,49651,BUS,10,,,1494516360,,
SBR,1494468381,14,BOURGOIN,883506,TER,40,,A,1494517980,,
SBR,1494468381,15,CHAMBERY,49653,BUS,10,,,1494519960,,
SBR,1494468381,16,ST ANDRE L.G,49656,BUS,10,,,1494520020,,
SBR,1494468381,17,ST ANDRE L.G,49658,BUS,10,,,1494521880,,
SBR,1494468381,18,LA TOUR DU P,49660,BUS,10,,,1494525060,,
SBR,1494468381,19,AIGUEBELETTE,49655,BUS,10,,,1494525600,,
SBR,1494468381,20,ST ANDRE L.G,49640,BUS,10,,,1494474600,,
SBC,1494468203,1,PARIS MP,8690,TGV,30,I,,1494471960,,
SBC,1494468203,2,PARIS MP,8610,TGV,30,I,,1494475680,,
SBC,1494468203,3,RENNES,855610,TER,40,I,,1494476040,,
SBC,1494468203,4,VANNES,52205,BUS,10,I,,1494476100,,
SBC,1494468203,5,DINAN,854192,TER,40,I,,1494478260,,
SBC,1494468203,6,RENNES,855802,TER,40,I,,1494478740,,
SBC,1494468203,7,BREST,855801,TER,40,I,,1494479100,,
SBC,1494468203,8,PONTIVY,52209,BUS,10,I,,1494479100,,
SBC,1494468203,9,RENNES,855600,TER,40,I,,1494480240,,
SBC,1494468203,10,LANNION,854103,TER,40,I,,1494480420,,
SBC,1494468203,11,BREST,855803,TER,40,I,,1494481560,,
SBC,1494468203,12,PARIS MP,8618,TGV,30,I,,1494482940,,
SBC,1494468203,13,PONTIVY,52255,BUS,10,I,,1494484500,,
SBC,1494468203,14,RENNES,855620,TER,40,I,,1494485880,,
SBC,1494468203,15,PARIS MP,8620,TGV,30,I,,1494488160,,
SBC,1494468203,16,BREST,8603,TGV,30,I,,1494490320,,
SBC,1494468203,17,PONTIVY,52211,BUS,10,I,,1494491100,,
SBC,1494468203,18,BREST,8611,TGV,30,I,,1494497220,,
SBC,1494468203,19,VANNES,522150,BUS,10,I,,1494498300,,
SBC,1494468203,20,RENNES,855630,TER,40,I,,1494498960,,
SCS,1494468387,1,MONTPELLIER,876301,TER,40,I,,1494478320,,
SCS,1494468387,2,AVIGNON,876302,TER,40,I,,1494479700,,
SCS,1494468387,3,NIMES,877550,TER,40,I,,1494480360,,
SCS,1494468387,4,MONTPELLIER,876303,TER,40,I,,1494481920,,
SCS,1494468387,5,AVIGNON,876304,TER,40,I,,1494483300,,
SCS,1494468387,6,GRAU DU ROI,877553,TER,40,I,,1494491820,,
SCS,1494468387,7,NIMES,877554,TER,40,I,,1494499080,,
SCS,1494468387,8,MONTPELLIER,876307,TER,40,I,,1494499920,,
SCS,1494468387,9,AVIGNON,876310,TER,40,I,,1494501600,,
SCS,1494468387,10,MONTPELLIER,876309,TER,40,I,,1494514260,,
SCS,1494468387,11,GRAU DU ROI,877559,TER,40,I,,1494517320,,
SCS,1494468387,12,MONTPELLIER,876311,TER,40,I,,1494517920,,
SCS,1494468387,13,AVIGNON,876316,TER,40,I,,1494519240,,
SCS,1494468387,14,NARBONNE,876313,TER,40,I,,1494521460,,
SCS,1494468387,15,NIMES,876318,TER,40,I,,1494522720,,
SCS,1494468387,16,NIMES,877562,TER,40,I,,1494524100,,
SCS,1494468387,17,MONTPELLIER,876301,TER,40,I,,1494478320,,
SCS,1494468387,18,AVIGNON,876302,TER,40,I,,1494479700,,
SCS,1494468387,19,NIMES,877550,TER,40,I,,1494480360,,
SCS,1494468387,20,MONTPELLIER,876303,TER,40,I,,1494481920,,
SCM,1494468271,1,LYON P.DIEU,886800,TER,40,,A,1494473340,,
SCM,1494468271,2,LYON PERR.,886250,TER,40,,A,1494474180,,
SCM,1494468271,3,AMBERIEU,886803,TER,40,,A,1494475140,,
SCM,1494468271,4,LYON PERR.,886253,TER,40,,A,1494475980,,
SCM,1494468271,5,FIRMINY,886200,TER,40,,B,1494476220,,
SCM,1494468271,6,AMBERIEU,886805,TER,40,,A,1494476940,,
SCM,1494468271,7,LYON PERR.,886255,TER,40,,A,1494477780,,
SCM,1494468271,8,LYON P.DIEU,886807,TER,40,,A,1494478740,,
SCM,1494468271,9,ST ETIENNE C,886700,TER,40,,B,1494478800,,
SCM,1494468271,10,LYON PERR.,886257,TER,40,,A,1494479580,,
SCM,1494468271,11,FIRMINY,886204,TER,40,,B,1494479820,,
SCM,1494468271,12,AMBERIEU,886809,TER,40,,A,1494480540,,
SCM,1494468271,13,ST ETIENNE C,886702,TER,40,,B,1494480600,,
SCM,1494468271,14,LYON PERR.,889972,TER,40,,A,1494481380,,
SCM,1494468271,15,FIRMINY,886206,TER,40,,B,1494481620,,
SCM,1494468271,16,LYON P.DIEU,886811,TER,40,,A,1494482340,,
SCM,1494468271,17,ST ETIENNE C,886704,TER,40,,B,1494482400,,
SCM,1494468271,18,LYON PERR.,886261,TER,40,,A,1494483180,,
SCM,1494468271,19,FIRMINY,886208,TER,40,,B,1494483420,,
SCM,1494468271,20,LYON P.DIEU,886863,TER,40,,A,1494484140,,
SYH,1494468326,1,MILLAU,34215,BUS,10,,,1494471000,,
SYH,1494468326,2,CLERMONT FD,34220,BUS,10,,,1494482460,,
SYH,1494468326,3,CLERMONT FD,34222,BUS,10,,,1494494520,,
SYH,1494468326,4,BEZIERS,878957,TER,40,,1,1494495240,,
SYH,1494468326,5,MENDE,34229,BUS,10,,,1494498000,,
SYH,1494468326,6,MILLAU,34217,BUS,10,,,1494501480,,
SYH,1494468326,7,NEUSSARGUES,15942,INTERCITES,73,,2,1494501900,,
SYH,1494468326,8,BEZIERS,15943,INTERCITES,73,,1,1494510000,,
SYH,1494468326,9,CLERMONT FD,34224,BUS,10,,,1494515400,,
SYH,1494468326,10,MENDE,34221,BUS,10,,,1494519600,,
SYH,1494468326,11,MENDE,34223,BUS,10,,,1494537000,,
SIH,1494469034,1,RODEZ,3755,LUNEA,73,,,1494474720,,
SIH,1494469034,2,BRIVE LA GAILLARDE,870150,TER,40,,,1494478560,,
SIH,1494469034,3,RODEZ,870153,TER,40,,,1494482940,,
SIH,1494469034,4,RODEZ,870155,TER,40,,,1494487860,,
SIH,1494469034,5,BRIVE LA GAILLARDE,870154,TER,40,,,1494492360,,
SIH,1494469034,6,BRIVE LA GAILLARDE,870156,TER,40,,,1494499320,,
SIH,1494469034,7,RODEZ,870159,TER,40,,,1494501900,,
SIH,1494469034,8,BRIVE LA GAILLARDE,870158,TER,40,,,1494506700,,
SIH,1494469034,9,RODEZ,870161,TER,40,,,1494509220,,
SIH,1494469034,10,BRIVE LA GAILLARDE,870160,TER,40,,,1494514140,,
SIH,1494469034,11,RODEZ,870163,TER,40,,,1494519480,,
SIH,1494469034,12,BRIVE LA GAILLARDE,870162,TER,40,,,1494519540,,
SIH,1494469034,13,RODEZ,870167,TER,40,,,1494527760,,
SIH,1494469034,14,PARIS AUSTERLITZ,3754,LUNEA,73,,,1494536820,,
SIH,1494469034,15,RODEZ,870169,TER,40,,,1494541320,,
SKR,1494468256,1,VALENCE,886103,TER,40,,B,1494475860,,
SKR,1494468256,2,LYON PERR.,886102,TER,40,,A,1494476400,,
SKR,1494468256,3,VALENCE,886105,TER,40,,B,1494478080,,
SKR,1494468256,4,MACON VILLE,886172,TER,40,,A,1494478200,,
SKR,1494468256,5,LYON PT DIEU,886106,TER,40,,A,1494479400,,
SKR,1494468256,6,VALENCE,886107,TER,40,,B,1494479460,,
SKR,1494468256,7,LYON PERR.,886108,TER,40,,A,1494480000,,
SKR,1494468256,8,MACON VILLE,886174,TER,40,,A,1494481800,,
SKR,1494468256,9,VALENCE,886111,TER,40,,B,1494483060,,
SKR,1494468256,10,LYON PERR.,886110,TER,40,,A,1494483600,,
SKR,1494468256,11,VALENCE,886113,TER,40,,B,1494485280,,
SKR,1494468256,12,LYON PERR.,886176,TER,40,,A,1494485400,,
SKR,1494468256,13,LYON PT DIEU,886178,TER,40,,A,1494486720,,
SKR,1494468256,14,AVIGNON,886183,TER,40,,B,1494492420,,
SKR,1494468256,15,LYON PT DIEU,886112,TER,40,,A,1494493800,,
SKR,1494468256,16,AVIGNON,886121,TER,40,,B,1494499620,,
SKR,1494468256,17,LYON PT DIEU,886116,TER,40,,A,1494501000,,
SKR,1494468256,18,VALENCE,886125,TER,40,,B,1494504660,,
SKR,1494468256,19,VALENCE,886127,TER,40,,B,1494506880,,
SKR,1494468256,20,LYON PT DIEU,886118,TER,40,,A,1494508200,,
SCX,1494468334,1,SAINT DIE,834101,TER,40,I,,1494476040,,
SCX,1494468334,2,LUNEVILLE,834102,TER,40,I,,1494477000,,
SCX,1494468334,3,NANCY,834104,TER,40,I,,1494477720,,
SCX,1494468334,4,NANCY,834108,TER,40,I,,1494479940,,
SCX,1494468334,5,SAINT DIE,834105,TER,40,I,,1494483600,,
SCX,1494468334,6,NANCY,834112,TER,40,I,,1494483660,,
SCX,1494468334,7,NANCY,834118,TER,40,I,,1494484800,,
SCX,1494468334,8,SAINT DIE,834113,TER,40,I,,1494492960,,
SCX,1494468334,9,NANCY,834124,TER,40,I,,1494494400,,
SCX,1494468334,10,NANCY,834130,TER,40,I,,1494499200,,
SCX,1494468334,11,SAINT DIE,834115,TER,40,I,,1494501540,,
SCX,1494468334,12,SAINT DIE,834121,TER,40,I,,1494506460,,
SCX,1494468334,13,NANCY,834140,TER,40,I,,1494508860,,
SCX,1494468334,14,SAINT DIE,834125,TER,40,I,,1494512280,,
SCX,1494468334,15,NANCY,834142,TER,40,I,,1494513060,,
SCX,1494468334,16,SAINT DIE,834129,TER,40,I,,1494515880,,
